-- phpMyAdmin SQL Dump
-- version 4.4.3
-- http://www.phpmyadmin.net
--
-- Servidor: localhost
-- Tiempo de generación: 12-11-2015 a las 08:09:22
-- Versión del servidor: 5.6.24
-- Versión de PHP: 5.6.8

SET SQL_MODE = "NO_AUTO_VALUE_ON_ZERO";
SET time_zone = "+00:00";


/*!40101 SET @OLD_CHARACTER_SET_CLIENT=@@CHARACTER_SET_CLIENT */;
/*!40101 SET @OLD_CHARACTER_SET_RESULTS=@@CHARACTER_SET_RESULTS */;
/*!40101 SET @OLD_COLLATION_CONNECTION=@@COLLATION_CONNECTION */;
/*!40101 SET NAMES utf8 */;

--
-- Base de datos: `dconta`
--

-- --------------------------------------------------------

--
-- Estructura de tabla para la tabla `borradores_venta`
--

CREATE TABLE IF NOT EXISTS `borradores_venta` (
  `id` int(11) NOT NULL,
  `venta` int(11) NOT NULL
) ENGINE=InnoDB AUTO_INCREMENT=137 DEFAULT CHARSET=latin1;

--
-- Volcado de datos para la tabla `borradores_venta`
--

INSERT INTO `borradores_venta` (`id`, `venta`) VALUES
(1, 1),
(3, 102),
(4, 103),
(5, 104),
(6, 105),
(7, 106),
(8, 107),
(9, 108),
(10, 109),
(11, 110),
(12, 111),
(13, 112),
(14, 113),
(15, 114),
(16, 115),
(17, 116),
(18, 117),
(19, 118),
(20, 119),
(21, 120),
(22, 121),
(23, 122),
(24, 123),
(25, 124),
(26, 125),
(27, 126),
(28, 127),
(29, 128),
(30, 129),
(31, 130),
(32, 131),
(33, 132),
(34, 133),
(35, 134),
(36, 135),
(37, 136),
(38, 137),
(39, 138),
(40, 139),
(41, 140),
(42, 141),
(43, 142),
(44, 143),
(45, 144),
(46, 145),
(47, 146),
(48, 147),
(49, 148),
(50, 149),
(51, 150),
(52, 151),
(53, 152),
(54, 153),
(55, 154),
(56, 155),
(57, 156),
(58, 157),
(59, 158),
(60, 159),
(61, 160),
(62, 161),
(63, 162),
(64, 163),
(65, 164),
(66, 165),
(67, 166),
(68, 167),
(69, 168),
(70, 169),
(71, 170),
(72, 171),
(73, 172),
(74, 173),
(75, 174),
(76, 175),
(77, 176),
(78, 177),
(79, 178),
(80, 179),
(81, 180),
(82, 181),
(83, 182),
(84, 183),
(85, 184),
(86, 185),
(87, 186),
(88, 187),
(89, 188),
(90, 189),
(91, 190),
(92, 191),
(93, 192),
(94, 193),
(95, 194),
(96, 195),
(97, 196),
(98, 197),
(99, 198),
(100, 199),
(101, 200),
(102, 201),
(103, 202),
(104, 203),
(105, 204),
(106, 205),
(107, 206),
(108, 207),
(109, 208),
(110, 209),
(111, 210),
(112, 211),
(113, 212),
(114, 213),
(115, 214),
(116, 215),
(117, 216),
(118, 217),
(119, 218),
(120, 219),
(121, 220),
(122, 221),
(123, 222),
(124, 223),
(125, 224),
(126, 225),
(127, 226),
(128, 227),
(129, 228),
(130, 229),
(131, 230),
(132, 231),
(133, 232),
(134, 233),
(135, 234),
(136, 235);

-- --------------------------------------------------------

--
-- Estructura de tabla para la tabla `clientes`
--

CREATE TABLE IF NOT EXISTS `clientes` (
  `id` int(11) NOT NULL,
  `nombre` varchar(50) NOT NULL,
  `nitrut` int(11) NOT NULL COMMENT '1 nit, 2 rut',
  `numero_nitrut` varchar(20) NOT NULL,
  `direccion` varchar(40) NOT NULL,
  `correo` varchar(30) NOT NULL,
  `celular` varchar(20) NOT NULL,
  `imagen` int(1) NOT NULL,
  `activo` int(1) NOT NULL
) ENGINE=InnoDB AUTO_INCREMENT=146 DEFAULT CHARSET=latin1;

--
-- Volcado de datos para la tabla `clientes`
--

INSERT INTO `clientes` (`id`, `nombre`, `nitrut`, `numero_nitrut`, `direccion`, `correo`, `celular`, `imagen`, `activo`) VALUES
(2, 'nendrés Lara', 1, '4233452', 'Calle 59 #10 - 33 zzzxxx', 'aa@aa.com', '3148567791', 1, 0),
(3, 'nuamira', 0, '4534532', 'Carrera 120a', 'aaa@aa.comeeeeeeeeeeezzzzzzzzz', '333', 1, 0),
(4, 'zfrmando Casas', 1, '245367465', 'Carrera 389 #333-44', 'aaa@aa-com', '12345555', 0, 0),
(5, 'sudrigo Castro', 1, '4326767787', 'Carrera 59 #5-6', '11@11.com', '3113556030', 0, 0),
(6, 'zz&E Corporation', 1, '35247645433', 'Calle 30 con Carrera 50', 'zzz@aa.com', '999888777', 0, 0),
(7, 'qulitza', 0, '12948122', '', 'ee.aaa@a.com', '33333333333', 0, 0),
(8, 'qndrés Y cia', 0, '222222', '333', '444', '555', 0, 0),
(9, 'co voy', 1, '2222', '333', '444', '555', 1, 0),
(10, 'Colanta', 0, '', '', '', '', 1, 0),
(11, 'Sarros y carros', 0, '', '', '', '', 0, 0),
(12, 'zelltower', 0, '', '', '', '', 0, 0),
(13, 'Uçber', 0, '', '', '', '', 0, 1),
(14, 'qo way', 0, '', '', '', '', 0, 0),
(15, 'zbout', 0, '', '', '', '', 0, 0),
(16, 'No way', 0, '', '', '', '', 0, 0),
(17, 'HAbout', 0, '', '', '', '', 0, 0),
(18, 'No way', 0, '', '', '', '', 0, 0),
(19, 'hAbout', 0, '', '', '', '', 0, 0),
(20, 'No way', 0, '', '', '', '', 0, 0),
(21, 'hAbout', 0, '', '', '', '', 1, 0),
(22, 'No way', 0, '', '', '', '', 0, 0),
(23, '1', 0, '', '', '', '', 0, 0),
(24, 'Nzo way', 0, '', '', '', '', 0, 0),
(25, 'hbout', 0, '', '', '', '', 0, 0),
(26, 'Nzzo way', 0, '3534534', '', '', '', 1, 0),
(27, 'hAbout', 0, '', '', '', '', 0, 0),
(28, 'NAAaaao way', 0, '', '', '', '', 0, 0),
(29, 'Aeeeezzzz', 0, '', '', '', '', 1, 0),
(30, 'No way', 0, '', '', '', '', 0, 0),
(32, 'Nueo way', 0, '', '', '', '', 0, 0),
(34, 'No wayxxxx', 0, '', '', '', '', 0, 0),
(36, 'No way', 0, '', '', '', '', 0, 0),
(38, 'No way', 0, '', '', '', '', 0, 0),
(40, 'No way', 0, '', '', '', '', 0, 0),
(42, 'No way', 0, '', '', '', '', 0, 0),
(44, 'No way', 0, '', '', '', '', 0, 0),
(46, 'No way', 0, '', '', '', '', 0, 0),
(48, 'Nooooo way xxxxvvvvvvvvvvvvvvvv', 0, '', '', '', '', 1, 0),
(50, 'No way', 0, '', '', '', '', 0, 0),
(52, 'No way', 0, '', '', '', '', 0, 0),
(54, 'No way', 0, '', '', '', '', 0, 0),
(56, 'No way', 0, '', '', '', '', 0, 0),
(58, 'No way', 0, '', '', '', '', 0, 0),
(60, 'Nzo way', 0, '', '', '', '', 1, 0),
(62, 'No way', 0, '', '', '', '', 0, 0),
(64, 'Nzzo way', 0, '2345', '', 'andres@a.com', '5555', 1, 1),
(66, 'No way', 0, '', '', '', '', 0, 0),
(68, 'No way', 0, '', '', '', '', 1, 1),
(70, 'Neexxxco way', 0, '', '', '', '', 0, 0),
(72, 'Nó way', 0, '', '', '', '', 1, 1),
(74, 'No way', 0, '', '', '', '', 0, 0),
(76, 'No way', 0, '', '', '', '', 0, 0),
(78, 'No way', 0, '', '', '', '', 0, 0),
(80, 'Nxxxo way', 0, '', '', '', '', 0, 0),
(82, 'Nzzzzo way', 0, '', '', '', '', 0, 0),
(84, 'No way', 0, '', '', '', '', 0, 0),
(86, 'No way', 0, '', '', '', '', 0, 0),
(88, 'No way', 0, '', '', '', '', 0, 0),
(90, 'Nzzzxxxo way', 0, '', '', '', '', 0, 0),
(92, 'Nzo way', 0, '', '', '', '', 1, 0),
(94, 'No way', 0, '', '', '', '', 0, 0),
(96, 'No way', 0, '', '', '', '', 0, 0),
(98, 'No way', 0, '', '', '', '', 0, 0),
(100, 'No way', 0, '', '', '', '', 0, 0),
(101, 'aaaaa', 0, '', '', '', '', 0, 0),
(102, 'aeeeeaaaa', 0, '', '', '', '', 1, 0),
(103, 'aeeeeaaaaiii', 0, '', '', '', '', 1, 0),
(104, 'aeeeeaaaaiiixxx', 0, '', '', '', '', 1, 0),
(105, 'aaauuuu', 0, '', '', '', '', 0, 0),
(106, 'Aritmi', 0, '', '', '', '', 0, 0),
(107, 'Abaila', 0, '', '', '', '', 1, 0),
(108, 'Zunga', 0, '', '', '', '', 1, 0),
(109, 'Basco', 0, '', '', '', '', 1, 0),
(110, 'Baxco', 0, '222222222444', 'rsfs', '55@qaaa.com', '3333', 1, 0),
(111, 'Baxco', 0, '222222222444', '', '', '', 1, 0),
(112, 'No eres mi media costilla', 0, '3333333333', '666666666', '55@qaaa.com', '444444444', 1, 0),
(113, 'zzzzz', 0, '555', '8888', '777', '666', 1, 1),
(114, 'Alberto', 0, '555', '8888', '777', '666', 1, 1),
(115, 'zzzzzzzz', 0, '555', '8888', '777', '66677777', 1, 1),
(116, 'Bino', 0, '555', '8888', '777', '666', 1, 0),
(117, 'Aino', 0, '555', '8888', '777', '666', 1, 0),
(118, 'Ajaxer', 0, '', '', '', '', 0, 0),
(119, 'alaxer', 0, '', '', '', '', 0, 0),
(120, 'alaxer', 0, '', '', '', '', 0, 0),
(121, 'Alaxer', 0, '', '', '', '', 0, 0),
(122, 'Alaxer', 0, '', '', '', '', 0, 0),
(123, 'Alaxer', 0, '', '', '', '', 0, 0),
(124, 'Alaxer', 0, '', '', '', '', 0, 0),
(125, 'Alaxer', 0, '', '', '', '', 0, 0),
(126, 'Alexo', 0, '', '', '', '', 0, 0),
(127, 'Alexo2', 0, '', '', '', '', 0, 0),
(128, 'Alexo2', 0, '', '', '', '', 0, 0),
(129, 'Ano', 0, '555', '8888', '777', '666', 0, 0),
(130, 'Beno', 0, '', '', '', '', 0, 0),
(131, 'Ceno', 0, '', '', '', '', 0, 0),
(132, 'Cenoxx', 0, '', '', '', '', 0, 0),
(133, 'Beno', 0, '', '', '', '', 0, 0),
(134, 'Ceno', 0, '', '', '', '', 0, 0),
(135, 'Cenoxxdd', 0, '', '', '', '', 0, 0),
(136, 'Cenoxxdd22222222', 0, '', '', '', '', 0, 0),
(137, 'Axio', 0, '', '', '', '', 0, 0),
(138, 'Aloip', 0, '', '', '', '', 0, 0),
(139, 'Alop', 0, '', '', '', '', 0, 0),
(140, 'Bio', 0, '', '', '', '', 0, 0),
(141, 'Baio', 0, '', '', '', '', 0, 0),
(142, 'Axaui', 0, '', '', '', '', 0, 0),
(143, 'Biox', 0, '', '', '', '', 0, 0),
(144, 'Zino', 0, '', '', '', '', 0, 1),
(145, 'zarlos pardo', 0, '244567', 'afdas asss addd', 'aaa@aa.comee', '33445', 1, 1);

-- --------------------------------------------------------

--
-- Estructura de tabla para la tabla `configuracion`
--

CREATE TABLE IF NOT EXISTS `configuracion` (
  `id` int(11) NOT NULL,
  `campo` varchar(20) NOT NULL,
  `valor` varchar(30) NOT NULL
) ENGINE=InnoDB AUTO_INCREMENT=9 DEFAULT CHARSET=latin1;

--
-- Volcado de datos para la tabla `configuracion`
--

INSERT INTO `configuracion` (`id`, `campo`, `valor`) VALUES
(1, 'inventario_campo', 'nombre'),
(2, 'inventario_id_tipo', 'normal'),
(3, 'inventario_ascdesc', '1'),
(4, 'inventario_categoria', ''),
(5, 'ventas_page', '1'),
(6, 'ventas_order', 'total'),
(7, 'ventas_ascdesc', 'desc'),
(8, 'ventas_mostrar_por', 'semana_pasada');

-- --------------------------------------------------------

--
-- Estructura de tabla para la tabla `inventario`
--

CREATE TABLE IF NOT EXISTS `inventario` (
  `id` int(11) NOT NULL,
  `nombre` varchar(100) NOT NULL,
  `categoria` int(11) NOT NULL DEFAULT '1',
  `referencia` varchar(20) NOT NULL,
  `descripcion` varchar(4000) NOT NULL,
  `precio_venta` int(15) NOT NULL,
  `iva` varchar(7) NOT NULL,
  `precio_real` int(15) NOT NULL,
  `cantidad` int(15) NOT NULL,
  `unidad_medida` int(11) NOT NULL,
  `activo` int(1) NOT NULL DEFAULT '1' COMMENT 'Activo para visible, 0 para eliminado',
  `imagen` int(1) NOT NULL
) ENGINE=InnoDB AUTO_INCREMENT=173 DEFAULT CHARSET=latin1;

--
-- Volcado de datos para la tabla `inventario`
--

INSERT INTO `inventario` (`id`, `nombre`, `categoria`, `referencia`, `descripcion`, `precio_venta`, `iva`, `precio_real`, `cantidad`, `unidad_medida`, `activo`, `imagen`) VALUES
(1, 'Chontacones', 2, 'cho1', 'Patacones de chontaduro', 4000, '2', 2000, 356, 1, 1, 0),
(2, 'Papas margarita', 1, 'pamar', 'Papas margarita con sabor a tomate', 120000, '3', 1000, 124580, 1, 1, 0),
(3, 'Sopa Maggui1', 2, 'soma1', 'Sopas magui para toda la familia, en polvo con pollo y champiñones1', 5400, '2', 2200, 200000, 1, 1, 0),
(4, 'Buñuelos deshidratados La redondazzz', 1, 'budesla', 'Buñuelos deshidratados de importación para el uso en casa', 38000, '2', 30000, 57823, 2, 1, 0),
(5, 'Fideos "La Muñeca"', 1, 'fimu', 'Fideos listos para preparar, con los mayores estándares de calidad en el mundo y de distribución en Colombia', 180000000, '2', 38848, 1100, 1, 1, 1),
(6, 'M&M''s de importación', 1, 'IM35', 'Dulces importados M&M, por MARS', 1500, '1', 1200, 300, 1, 1, 0),
(7, 'Mayonesa la sabrosa', 1, 'RE222', 'Mayonesa la sabrosa por 2 libras', 20000, '1', 15000, 535776, 1, 1, 1),
(8, 'Suntea x 250 miligramos', 4, 'RE5233', 'Suntea de mango', 200, '1', 150, 56343740, 1, 1, 0),
(9, 'Suntea x 500 miligramos', 2, 'RE336', 'Suntea de lulo x 500', 4500, '2', 400, 20, 2, 1, 0),
(10, 'Cafe la Palma', 1, 'RE2421', 'Café la palma, con el aroma que enamora el alma', 23546, '1', 20000, 235645, 2, 1, 0),
(11, 'Bananos', 1, 'RE3534', 'Son Bananos 4 x 1', 1000, '1', 2000, 14323, 2, 1, 0),
(12, 'Manzana Chilena', 1, 'RE396', 'Manzana chilena importada por Almaza', 400, '2', 300, 4983248, 2, 1, 0),
(13, 'Chocolates dietéticos', 1, 'RE9687', 'Chocolates bajos en azúcar', 4000, '1', 3900, 254906, 2, 1, 0),
(14, 'Moras enlatadas', 1, 'RE36583', 'Moras enlatadas dulces', 5200, '2', 5000, 700, 1, 1, 1),
(15, 'Agua negra<', 1, '12RE87945', '1Agua negra saludable5', 13490031, '3', 1400044, 1474889668, 3, 1, 0),
(16, 'Chocolatina JET x 250 miligramos', 1, 'RE29490', 'Chocolatina Jet 250 en barra', 200, '1', 190, 68889, 3, 1, 0),
(17, 'Pastel Ramo Naranja', 1, 'RE3234', 'Pastel Ramo de naranja', 3000, '1', 2900, 364567677, 4, 1, 0),
(18, 'Gaseosa La Reina', 1, 'RE88865', 'Gaseosa La Reina de Manzana', 800, '2', 750, 48784333, 2, 1, 0),
(19, 'Mentas x 100 unidades', 1, 'RE98548', 'Mentas en paquetes de 100 unidades', 5000, '2', 4800, 500, 3, 1, 0),
(20, 'Huevos pulverizados', 1, 'RE08929', 'Huevos pulverizados', 2000, '1', 1800, 2455, 1, 1, 0),
(21, 'Zapallo por unidad', 2, 'RE5667', 'Zapallos por unidad', 1400, '3', 1000, 59000, 2, 1, 1),
(139, 'Agua negra', 1, 'RE87945', 'Agua negra saludable', 4900, '2', 4000, 474889, 2, 1, 0),
(140, 'Agua negra', 1, 'RE87945', 'Agua negra saludable', 4900, '2', 4000, 474889, 2, 1, 0),
(141, 'Agua negra', 3, 'RE87945', 'Agua negra saludable', 4900, '2', 4000, 474889, 2, 1, 0),
(142, 'Agua negra', 1, 'RE87945', 'Agua negra saludable', 4900, '2', 4000, 474889, 2, 1, 0),
(143, 'Agua negra', 1, 'RE87945', 'Agua negra saludable', 4900, '2', 4000, 474889, 2, 1, 0),
(144, 'Agua negra1', 1, 'RE879452', 'Agua negra saludable5', 49003, '2', 40004, 4748896, 4, 1, 0),
(145, 'Hola', 1, 'prueba', 'dad', 2222222, '1', 888888, 33, 1, 1, 0),
(146, 'rrrrrrrrrr', 2, 'eee', 'fgg', 333, '1', 444, 44, 1, 1, 0),
(147, 'llueve sobre mojado', 1, 'ssssssssssssssss', '5555555555555555555', 2147483647, '1', 2147483647, 2147483647, 1, 1, 0),
(148, '1aaajax', 1, 'ssssssssssssssss', '5555555555555555555', 2147483647, '1', 2147483647, 2147483647, 1, 1, 0),
(149, 'aaajax', 3, 'ssssssssssssssss', '5555555555555555555', 2147483647, '1', 2147483647, 2147483647, 1, 1, 0),
(150, 'aaajaxxxxxxxx', 2, 'ssssssssssssssss', '5555555555555555555', 2147483647, '1', 2147483647, 2147483647, 1, 1, 0),
(151, 'aaaz de oros', 1, '333', 'fgvsd', 444, '1', 555, 333333, 3, 1, 0),
(152, 'aaaz de oros', 1, '333', 'fgvsd', 444, '1', 555, 333333, 1, 1, 0),
(153, 'aaaz de oros2222', 1, '333', 'fgvsd', 444, '1', 555, 333333, 1, 1, 0),
(154, 'pzaaas de oros2222', 3, '333', 'fgvsd', 444, '1', 555, 333333, 1, 1, 0),
(155, 'Lazzaaas de oros2222', 1, '333', 'fgvsd', 444, '1', 555, 333333, 1, 1, 0),
(156, 'caaaz de oros2222', 1, '333', 'fgvsd', 444, '1', 555, 333333, 1, 1, 0),
(157, 'aaaaaaaa', 1, '33333333', '', 444444, '1', 555555, 777777777, 1, 1, 0),
(158, 'aaajaxxxxxxxx', 5, 'ssssssssssssssss', '5555555555555555555', 2147483647, '1', 2147483647, 2147483647, 1, 1, 0),
(159, 'aaaaaaaa', 2, '33333333', '', 444444, '1', 555555, 777777777, 1, 1, 0),
(160, '12aaajax', 1, 'ssssssssssssssss', '5555555555555555555', 2147483647, '1', 2147483647, 2147483647, 1, 1, 0),
(161, '122aaajax', 1, 'ssssssssssssssss', '5555555555555555555', 2147483647, '1', 2147483647, 2147483647, 1, 1, 0),
(162, '1222aaajax', 2, 'ssssssssssssssss', '5555555555555555555', 2147483647, '3', 2147483647, 2147483647, 3, 1, 0),
(163, '122x2aaajax', 1, 'ssssssssssssssss', '5555555555555555555', 2147483647, '1', 2147483647, 2147483647, 1, 1, 0),
(164, '122xx2aaajax', 4, 'ssssssssssssssss', '5555555555555555555', 2147483647, '3', 2147483647, 2147483647, 1, 1, 0),
(165, '122xx2aaaja2x', 2, 'ssssssssssssssss', '5555555555555555555', 2147483647, '1', 2147483647, 2147483647, 1, 1, 0),
(166, 'aaaaaaaaaaaaaaaaaaajax', 5, '123', '888', 456, '3', 678, 8888, 1, 1, 0),
(167, '1111111111ajaaaaxe', 4, '2222', '55555', 45633333, '1', 678444444, 88886666, 1, 1, 0),
(168, '11111111111111aaaa', 4, '3333', 'fsdsd', 2147483647, '1', 2147483647, 88886666, 4, 1, 0),
(169, '11111222222333eddddd', 2, '333', 'fsds', 4556434, '3', 534444, 44444, 5, 1, 0),
(170, '2222222222ghsdd', 4, 'dfss', 'gdfd', 4444, '1', 55645, 433343, 3, 1, 0),
(171, 'wwww', 1, '333333', '', 45564344, '1', 53444444, 44444, 1, 1, 0),
(172, 'Mayonesa la sabrosa', 1, 'RE222', 'Mayonesa la sabrosa por 2 libras', 20000, '1', 15000, 535776, 1, 1, 1);

-- --------------------------------------------------------

--
-- Estructura de tabla para la tabla `inventario_categorias`
--

CREATE TABLE IF NOT EXISTS `inventario_categorias` (
  `id` int(11) NOT NULL,
  `valor` varchar(40) NOT NULL
) ENGINE=InnoDB AUTO_INCREMENT=6 DEFAULT CHARSET=latin1;

--
-- Volcado de datos para la tabla `inventario_categorias`
--

INSERT INTO `inventario_categorias` (`id`, `valor`) VALUES
(1, 'Sin categoria'),
(2, 'Alimentos'),
(3, 'Licores'),
(4, 'Abarrotes'),
(5, 'Gaseosas');

-- --------------------------------------------------------

--
-- Estructura de tabla para la tabla `iva`
--

CREATE TABLE IF NOT EXISTS `iva` (
  `id` int(11) NOT NULL,
  `valor` varchar(5) NOT NULL
) ENGINE=InnoDB AUTO_INCREMENT=4 DEFAULT CHARSET=latin1;

--
-- Volcado de datos para la tabla `iva`
--

INSERT INTO `iva` (`id`, `valor`) VALUES
(1, '0'),
(2, '5'),
(3, '16');

-- --------------------------------------------------------

--
-- Estructura de tabla para la tabla `tipo_pago`
--

CREATE TABLE IF NOT EXISTS `tipo_pago` (
  `id` int(11) NOT NULL,
  `valor` varchar(40) NOT NULL
) ENGINE=InnoDB AUTO_INCREMENT=5 DEFAULT CHARSET=latin1;

--
-- Volcado de datos para la tabla `tipo_pago`
--

INSERT INTO `tipo_pago` (`id`, `valor`) VALUES
(1, 'Contado'),
(2, 'Cr'),
(3, 'Tarjeta crédito'),
(4, 'Tarjeta débito');

-- --------------------------------------------------------

--
-- Estructura de tabla para la tabla `unidades`
--

CREATE TABLE IF NOT EXISTS `unidades` (
  `id` int(11) NOT NULL,
  `descripcion` varchar(20) NOT NULL
) ENGINE=InnoDB AUTO_INCREMENT=6 DEFAULT CHARSET=latin1;

--
-- Volcado de datos para la tabla `unidades`
--

INSERT INTO `unidades` (`id`, `descripcion`) VALUES
(1, 'Metros'),
(2, 'Galones'),
(3, 'Tarros'),
(4, 'Paquetes'),
(5, 'Bolsas');

-- --------------------------------------------------------

--
-- Estructura de tabla para la tabla `ventas`
--

CREATE TABLE IF NOT EXISTS `ventas` (
  `id` int(11) NOT NULL,
  `numero_factura` int(11) NOT NULL,
  `cliente` varchar(60) NOT NULL COMMENT 'en texto, no key',
  `descuento` decimal(10,0) NOT NULL,
  `iva` int(11) NOT NULL,
  `subtotal` int(11) NOT NULL,
  `total` int(11) NOT NULL,
  `fecha` timestamp NOT NULL DEFAULT CURRENT_TIMESTAMP ON UPDATE CURRENT_TIMESTAMP,
  `hash` varchar(70) NOT NULL,
  `tipo_pago` int(11) NOT NULL,
  `observaciones` varchar(3000) NOT NULL
) ENGINE=InnoDB AUTO_INCREMENT=236 DEFAULT CHARSET=latin1;

--
-- Volcado de datos para la tabla `ventas`
--

INSERT INTO `ventas` (`id`, `numero_factura`, `cliente`, `descuento`, `iva`, `subtotal`, `total`, `fecha`, `hash`, `tipo_pago`, `observaciones`) VALUES
(1, 1, 'Alberto Plazas', '0', 1, 2000, 3500, '2015-10-23 05:00:00', 'akisjd92jkmds9fdikw9083j38da', 2, 'Nada '),
(2, 22, 'Calrtlos arturo', '0', 1, 2899, 4000, '2015-10-15 01:58:19', 'ujhbuyi68907h8yb7yt5v8', 1, 'aaaaa'),
(3, 4444, 'Socorro Collazos', '20', 2, 22222, 33333, '2015-10-15 02:34:54', 'fgsd43w5fgsd', 1, 'eeeeee'),
(4, 22, 'Calrtlos arturo', '0', 1, 2899, 4000, '2015-09-15 01:58:39', 'ujhbuyi68907h8yb7yt5v8', 1, 'aaaaa'),
(5, 4444, 'Socorro Collazos', '20', 2, 22222, 33333, '2015-10-15 02:35:08', 'fgsd43w5fgsd', 1, 'eeeeee'),
(6, 22, 'Calrtlos arturo', '0', 1, 2899, 4000, '2015-09-15 01:58:39', 'ujhbuyi68907h8yb7yt5v8', 1, 'aaaaa'),
(7, 4444, 'Socorro Collazos', '20', 2, 22222, 2147483647, '2015-10-16 23:10:54', 'fgsd43w5fgsd', 1, 'eeeeee'),
(8, 22, 'Calrtlos arturo', '0', 1, 2899, 4000, '2015-09-15 01:58:39', 'ujhbuyi68907h8yb7yt5v8', 1, 'aaaaa'),
(9, 4444, 'Socorro Collazos', '20', 2, 22222, 33333, '2015-10-15 02:35:08', 'fgsd43w5fgsd', 1, 'eeeeee'),
(10, 22, 'Calrtlos arturo', '0', 1, 2899, 4000, '2015-09-15 01:58:39', 'ujhbuyi68907h8yb7yt5v8', 1, 'aaaaa'),
(11, 4444, 'Socorro Collazos', '20', 2, 22222, 33333, '2015-10-15 02:35:08', 'fgsd43w5fgsd', 1, 'eeeeee'),
(12, 22, 'Calrtlos arturo', '0', 1, 2899, 4000, '2015-09-15 01:58:39', 'ujhbuyi68907h8yb7yt5v8', 1, 'aaaaa'),
(13, 4444, 'Socorro Collazos', '20', 2, 22222, 33333, '2015-11-03 02:35:08', 'fgsd43w5fgsd', 1, 'eeeeee'),
(14, 22, 'Calrtlos arturo', '0', 1, 2899, 4000, '2015-09-15 01:58:39', 'ujhbuyi68907h8yb7yt5v8', 1, 'aaaaa'),
(15, 4444, 'Socorro Collazos', '20', 2, 22222, 33333, '2015-11-01 02:35:08', 'fgsd43w5fgsd', 1, 'eeeeee'),
(16, 22, 'Calrtlos arturo', '0', 1, 2899, 4000, '2015-09-15 01:58:39', 'ujhbuyi68907h8yb7yt5v8', 1, 'aaaaa'),
(17, 4444, 'Socorro Collazos', '20', 2, 22222, 33333, '2015-10-15 02:35:08', 'fgsd43w5fgsd', 1, 'eeeeee'),
(18, 22, 'Calrtlos arturo', '0', 1, 2899, 4000, '2015-09-15 01:58:39', 'ujhbuyi68907h8yb7yt5v8', 1, 'aaaaa'),
(19, 4444, 'Socorro Collazos', '20', 2, 22222, 33333, '2015-11-02 02:35:08', 'fgsd43w5fgsd', 1, 'eeeeee'),
(20, 22, 'Calrtlos arturo', '0', 1, 2899, 4000, '2015-09-15 01:58:39', 'ujhbuyi68907h8yb7yt5v8', 1, 'aaaaa'),
(21, 4444, 'Socorro Collazos', '20', 2, 22222, 33333, '2015-10-15 02:35:08', 'fgsd43w5fgsd', 1, 'eeeeee'),
(22, 22, 'Calrtlos arturo', '0', 1, 2899, 4000, '2015-10-15 01:58:39', 'ujhbuyi68907h8yb7yt5v8', 1, 'aaaaa'),
(23, 4444, 'Socorro Collazos', '20', 2, 22222, 33333, '2015-10-15 02:35:08', 'fgsd43w5fgsd', 1, 'eeeeee'),
(24, 22, 'Calrtlos arturo', '0', 1, 2899, 40009900, '2015-10-16 23:11:40', 'ujhbuyi68907h8yb7yt5v8', 1, 'aaaaa'),
(25, 4444, 'Socorro Collazos', '20', 2, 22222, 33333, '2015-10-15 02:35:08', 'fgsd43w5fgsd', 1, 'eeeeee'),
(26, 22, 'Calrtlos arturo', '0', 1, 2899, 4000, '2015-10-15 01:58:39', 'ujhbuyi68907h8yb7yt5v8', 1, 'aaaaa'),
(27, 4444, 'Socorro Collazos', '20', 2, 22222, 33333, '2015-10-30 02:35:08', 'fgsd43w5fgsd', 1, 'eeeeee'),
(28, 22, 'Calrtlos arturo', '0', 1, 2899, 4000, '2015-10-15 01:58:39', 'ujhbuyi68907h8yb7yt5v8', 1, 'aaaaa'),
(29, 4444, 'Socorro Collazos', '20', 2, 22222, 33333, '2015-10-15 02:35:08', 'fgsd43w5fgsd', 1, 'eeeeee'),
(30, 22, 'Calrtlos arturo', '0', 1, 2899, 4000, '2015-10-15 01:58:39', 'ujhbuyi68907h8yb7yt5v8', 1, 'aaaaa'),
(31, 4444, 'Socorro Collazos', '20', 2, 22222, 33333, '2015-10-15 02:35:08', 'fgsd43w5fgsd', 1, 'eeeeee'),
(32, 22, 'Calrtlos arturo', '0', 1, 2899, 4000, '2015-10-15 01:58:39', 'ujhbuyi68907h8yb7yt5v8', 1, 'aaaaa'),
(33, 4444, 'Socorro Collazos', '20', 2, 22222, 33333, '2015-10-15 02:35:08', 'fgsd43w5fgsd', 1, 'eeeeee'),
(34, 22, 'Calrtlos arturo', '0', 1, 2899, 4000, '2015-10-15 01:58:39', 'ujhbuyi68907h8yb7yt5v8', 1, 'aaaaa'),
(35, 4444, 'Socorro Collazos', '20', 2, 22222, 33333, '2015-10-31 02:35:08', 'fgsd43w5fgsd', 1, 'eeeeee'),
(36, 22, 'Calrtlos arturo', '0', 1, 2899, 4000, '2015-10-15 01:58:39', 'ujhbuyi68907h8yb7yt5v8', 1, 'aaaaa'),
(37, 4444, 'Socorro Collazos', '20', 2, 22222, 33333, '2015-10-15 02:35:08', 'fgsd43w5fgsd', 1, 'eeeeee'),
(38, 22, 'Calrtlos arturo', '0', 1, 2899, 4000, '2015-10-15 01:58:39', 'ujhbuyi68907h8yb7yt5v8', 1, 'aaaaa'),
(39, 4444, 'Socorro Collazos', '20', 2, 22222, 33333, '2015-10-15 02:35:08', 'fgsd43w5fgsd', 1, 'eeeeee'),
(40, 22, 'Calrtlos arturo', '0', 1, 2899, 4000, '2015-09-15 01:58:39', 'ujhbuyi68907h8yb7yt5v8', 1, 'aaaaa'),
(41, 4444, 'Socorro Collazos', '20', 2, 22222, 33333, '2015-10-15 02:35:08', 'fgsd43w5fgsd', 1, 'eeeeee'),
(42, 22, 'Calrtlos arturo', '0', 1, 2899, 4000, '2015-10-15 01:58:39', 'ujhbuyi68907h8yb7yt5v8', 1, 'aaaaa'),
(43, 4444, 'Socorro Collazos', '20', 2, 22222, 33333, '2015-10-15 02:35:08', 'fgsd43w5fgsd', 1, 'eeeeee'),
(44, 22, 'Calrtlos arturo', '0', 1, 2899, 4000, '2015-09-15 01:58:39', 'ujhbuyi68907h8yb7yt5v8', 1, 'aaaaa'),
(45, 4444, 'Socorro Collazos', '20', 2, 22222, 33333, '2015-10-15 02:35:08', 'fgsd43w5fgsd', 1, 'eeeeee'),
(46, 22, 'Calrtlos arturo', '0', 1, 2899, 4000, '2015-10-15 01:58:39', 'ujhbuyi68907h8yb7yt5v8', 1, 'aaaaa'),
(47, 4444, 'Socorro Collazos', '20', 2, 22222, 33333, '2015-10-15 02:35:08', 'fgsd43w5fgsd', 1, 'eeeeee'),
(48, 22, 'Calrtlos arturo', '0', 1, 2899, 4000, '2015-10-15 01:58:40', 'ujhbuyi68907h8yb7yt5v8', 1, 'aaaaa'),
(49, 4444, 'Socorro Collazos', '20', 2, 22222, 33333, '2015-10-15 02:35:08', 'fgsd43w5fgsd', 1, 'eeeeee'),
(50, 22, 'Calrtlos arturo', '0', 1, 2899, 4000, '2015-10-15 01:58:40', 'ujhbuyi68907h8yb7yt5v8', 1, 'aaaaa'),
(51, 4444, 'Socorro Collazos', '20', 2, 22222, 33333, '2015-10-15 02:35:08', 'fgsd43w5fgsd', 1, 'eeeeee'),
(52, 22, 'Calrtlos arturo', '0', 1, 2899, 4000, '2015-10-15 01:58:40', 'ujhbuyi68907h8yb7yt5v8', 1, 'aaaaa'),
(53, 4444, 'Socorro Collazos', '20', 2, 22222, 33333, '2015-10-15 02:35:08', 'fgsd43w5fgsd', 1, 'eeeeee'),
(54, 22, 'Calrtlos arturo', '0', 1, 2899, 4000, '2015-10-15 01:58:40', 'ujhbuyi68907h8yb7yt5v8', 1, 'aaaaa'),
(55, 4444, 'Socorro Collazos', '20', 2, 22222, 33333, '2015-10-15 02:35:08', 'fgsd43w5fgsd', 1, 'eeeeee'),
(56, 22, 'Calrtlos arturo', '0', 1, 2899, 4000, '2015-10-15 01:58:40', 'ujhbuyi68907h8yb7yt5v8', 1, 'aaaaa'),
(57, 4444, 'Socorro Collazos', '20', 2, 22222, 33333, '2015-10-15 02:35:08', 'fgsd43w5fgsd', 1, 'eeeeee'),
(58, 22, 'Calrtlos arturo', '0', 1, 2899, 4000, '2015-10-15 01:58:40', 'ujhbuyi68907h8yb7yt5v8', 1, 'aaaaa'),
(59, 4444, 'Socorro Collazos', '20', 2, 22222, 33333, '2015-10-15 02:35:08', 'fgsd43w5fgsd', 1, 'eeeeee'),
(60, 22, 'Calrtlos arturo', '0', 1, 2899, 4000, '2015-10-15 01:58:40', 'ujhbuyi68907h8yb7yt5v8', 1, 'aaaaa'),
(61, 4444, 'Socorro Collazos', '20', 2, 22222, 33333, '2015-10-15 02:35:08', 'fgsd43w5fgsd', 1, 'eeeeee'),
(62, 22, 'Calrtlos arturo', '0', 1, 2899, 4000, '2015-10-15 01:58:40', 'ujhbuyi68907h8yb7yt5v8', 1, 'aaaaa'),
(63, 4444, 'Socorro Collazos', '20', 2, 22222, 33333, '2015-10-15 02:35:08', 'fgsd43w5fgsd', 1, 'eeeeee'),
(64, 22, 'Calrtlos arturo', '0', 1, 2899, 4000, '2015-10-15 01:58:40', 'ujhbuyi68907h8yb7yt5v8', 1, 'aaaaa'),
(65, 4444, 'Socorro Collazos', '20', 2, 22222, 33333, '2015-10-15 02:35:08', 'fgsd43w5fgsd', 1, 'eeeeee'),
(66, 22, 'Calrtlos arturo', '0', 1, 2899, 4000, '2015-10-15 01:58:40', 'ujhbuyi68907h8yb7yt5v8', 1, 'aaaaa'),
(67, 4444, 'Socorro Collazos', '20', 2, 22222, 33333, '2015-10-15 02:35:08', 'fgsd43w5fgsd', 1, 'eeeeee'),
(68, 22, 'Calrtlos arturo', '0', 1, 2899, 4000, '2015-10-15 01:58:40', 'ujhbuyi68907h8yb7yt5v8', 1, 'aaaaa'),
(69, 4444, 'Socorro Collazos', '20', 2, 22222, 33333, '2015-10-15 02:35:08', 'fgsd43w5fgsd', 1, 'eeeeee'),
(70, 22, 'Calrtlos arturo', '0', 1, 2899, 4000, '2015-10-15 01:58:40', 'ujhbuyi68907h8yb7yt5v8', 1, 'aaaaa'),
(71, 4444, 'Socorro Collazos', '20', 2, 22222, 33333, '2015-10-15 02:35:08', 'fgsd43w5fgsd', 1, 'eeeeee'),
(72, 22, 'Calrtlos arturo', '0', 1, 2899, 4000, '2015-10-15 01:58:40', 'ujhbuyi68907h8yb7yt5v8', 1, 'aaaaa'),
(73, 4444, 'Socorro Collazos', '20', 2, 22222, 33333, '2015-10-15 02:35:08', 'fgsd43w5fgsd', 1, 'eeeeee'),
(74, 22, 'Calrtlos arturo', '0', 1, 2899, 4000, '2015-10-15 01:58:40', 'ujhbuyi68907h8yb7yt5v8', 1, 'aaaaa'),
(75, 4444, 'Socorro Collazos', '20', 2, 22222, 33333, '2015-10-15 02:35:08', 'fgsd43w5fgsd', 1, 'eeeeee'),
(76, 22, 'Calrtlos arturo', '0', 1, 2899, 4000, '2015-10-15 01:58:40', 'ujhbuyi68907h8yb7yt5v8', 1, 'aaaaa'),
(77, 4444, 'Socorro Collazos', '20', 2, 22222, 33333, '2015-10-15 02:35:08', 'fgsd43w5fgsd', 1, 'eeeeee'),
(78, 22, 'Calrtlos arturo', '0', 1, 2899, 4000, '2015-10-15 01:58:40', 'ujhbuyi68907h8yb7yt5v8', 1, 'aaaaa'),
(79, 4444, 'Socorro Collazos', '20', 2, 22222, 33333, '2015-10-15 02:35:08', 'fgsd43w5fgsd', 1, 'eeeeee'),
(80, 22, 'Calrtlos arturo', '0', 1, 2899, 4000, '2015-10-15 01:58:40', 'ujhbuyi68907h8yb7yt5v8', 1, 'aaaaa'),
(81, 4444, 'Socorro Collazos', '20', 2, 22222, 33333, '2015-10-15 02:35:08', 'fgsd43w5fgsd', 1, 'eeeeee'),
(82, 22, 'Calrtlos arturo', '0', 1, 2899, 4000, '2015-10-15 01:58:40', 'ujhbuyi68907h8yb7yt5v8', 1, 'aaaaa'),
(83, 4444, 'Socorro Collazos', '20', 2, 22222, 33333, '2015-10-15 02:35:08', 'fgsd43w5fgsd', 1, 'eeeeee'),
(84, 22, 'Calrtlos arturo', '0', 1, 2899, 4000, '2015-10-15 01:58:40', 'ujhbuyi68907h8yb7yt5v8', 1, 'aaaaa'),
(85, 4444, 'Socorro Collazos', '20', 2, 22222, 33333, '2015-10-15 02:35:08', 'fgsd43w5fgsd', 1, 'eeeeee'),
(86, 22, 'Calrtlos arturo', '0', 1, 2899, 4000, '2015-10-15 01:58:40', 'ujhbuyi68907h8yb7yt5v8', 1, 'aaaaa'),
(87, 4444, 'Socorro Collazos', '20', 2, 22222, 33333, '2015-10-15 02:35:08', 'fgsd43w5fgsd', 1, 'eeeeee'),
(88, 22, 'Calrtlos arturo', '0', 1, 2899, 4000, '2015-10-15 01:58:40', 'ujhbuyi68907h8yb7yt5v8', 1, 'aaaaa'),
(89, 4444, 'Socorro Collazos', '20', 2, 22222, 33333, '2015-10-15 02:35:08', 'fgsd43w5fgsd', 1, 'eeeeee'),
(90, 231, 'Alberto Plazas333', '23', 1, 556676, 4444, '2015-10-23 05:39:20', 'fgddg43t3vd', 1, '2dfsasa'),
(91, 0, '', '0', 0, 0, 0, '2015-11-09 20:38:00', '', 0, ''),
(92, 0, '', '0', 0, 0, 0, '2015-11-09 20:38:02', '', 0, ''),
(93, 0, '', '0', 0, 0, 0, '2015-11-09 20:39:18', '', 0, ''),
(94, 0, '', '0', 0, 0, 0, '2015-11-09 20:39:21', '', 0, ''),
(95, 0, '', '0', 0, 0, 0, '2015-11-09 20:39:23', '', 0, ''),
(96, 0, '', '0', 0, 0, 0, '2015-11-09 20:39:56', '', 0, ''),
(97, 0, '', '0', 0, 0, 0, '2015-11-09 20:39:58', '', 0, ''),
(98, 0, '', '0', 0, 0, 0, '2015-11-09 20:41:09', '', 0, ''),
(99, 0, '', '0', 0, 0, 0, '2015-11-09 20:41:20', '', 0, ''),
(100, 0, '', '0', 0, 0, 0, '2015-11-09 20:41:48', '', 0, ''),
(101, 0, '', '0', 0, 0, 0, '2015-11-09 20:42:01', '', 0, ''),
(102, 0, '', '0', 0, 0, 0, '2015-11-09 20:53:29', '', 0, ''),
(103, 0, '', '0', 0, 0, 0, '2015-11-09 21:04:24', '', 0, ''),
(104, 0, '', '0', 0, 0, 0, '2015-11-09 21:05:05', '', 0, ''),
(105, 0, '', '0', 0, 0, 0, '2015-11-09 23:15:15', '', 0, ''),
(106, 0, '', '0', 0, 0, 0, '2015-11-09 23:16:38', '', 0, ''),
(107, 0, '', '0', 0, 0, 0, '2015-11-09 23:17:57', '', 0, ''),
(108, 0, '', '0', 0, 0, 0, '2015-11-09 23:35:02', '', 0, ''),
(109, 0, '', '0', 0, 0, 0, '2015-11-09 23:56:53', '', 0, ''),
(110, 0, '', '0', 0, 0, 0, '2015-11-10 03:53:45', '', 0, ''),
(111, 0, '', '0', 0, 0, 0, '2015-11-10 03:54:32', '', 0, ''),
(112, 0, '', '0', 0, 0, 0, '2015-11-10 04:10:38', '', 0, ''),
(113, 0, '', '0', 0, 0, 0, '2015-11-11 03:33:33', '', 0, ''),
(114, 0, '', '0', 0, 0, 0, '2015-11-11 05:01:34', '', 0, ''),
(115, 0, '', '0', 0, 0, 0, '2015-11-11 19:46:19', '', 0, ''),
(116, 0, '', '0', 0, 0, 0, '2015-11-12 03:52:39', '', 0, ''),
(117, 0, '', '0', 0, 0, 0, '2015-11-12 03:58:54', '', 0, ''),
(118, 0, '', '0', 0, 0, 0, '2015-11-12 03:59:06', '', 0, ''),
(119, 0, '', '0', 0, 0, 0, '2015-11-12 03:59:06', '', 0, ''),
(120, 0, '', '0', 0, 0, 0, '2015-11-12 04:04:35', '', 0, ''),
(121, 0, '', '0', 0, 0, 0, '2015-11-12 04:04:35', '', 0, ''),
(122, 0, '', '0', 0, 0, 0, '2015-11-12 04:05:29', '', 0, ''),
(123, 0, '', '0', 0, 0, 0, '2015-11-12 04:23:48', '', 0, ''),
(124, 0, '', '0', 0, 0, 0, '2015-11-12 05:34:56', '', 0, ''),
(125, 0, '', '0', 0, 0, 0, '2015-11-12 05:35:24', '', 0, ''),
(126, 0, '', '0', 0, 0, 0, '2015-11-12 05:35:25', '', 0, ''),
(127, 0, '', '0', 0, 0, 0, '2015-11-12 05:37:53', '', 0, ''),
(128, 0, '', '0', 0, 0, 0, '2015-11-12 05:38:45', '', 0, ''),
(129, 0, '', '0', 0, 0, 0, '2015-11-12 05:38:46', '', 0, ''),
(130, 0, '', '0', 0, 0, 0, '2015-11-12 05:41:04', '', 0, ''),
(131, 0, '', '0', 0, 0, 0, '2015-11-12 05:41:58', '', 0, ''),
(132, 0, '', '0', 0, 0, 0, '2015-11-12 05:41:59', '', 0, ''),
(133, 0, '', '0', 0, 0, 0, '2015-11-12 05:42:23', '', 0, ''),
(134, 0, '', '0', 0, 0, 0, '2015-11-12 05:43:30', '', 0, ''),
(135, 0, '', '0', 0, 0, 0, '2015-11-12 05:44:23', '', 0, ''),
(136, 0, '', '0', 0, 0, 0, '2015-11-12 05:44:44', '', 0, ''),
(137, 0, '', '0', 0, 0, 0, '2015-11-12 05:45:09', '', 0, ''),
(138, 0, '', '0', 0, 0, 0, '2015-11-12 05:45:36', '', 0, ''),
(139, 0, '', '0', 0, 0, 0, '2015-11-12 05:46:11', '', 0, ''),
(140, 0, '', '0', 0, 0, 0, '2015-11-12 05:48:19', '', 0, ''),
(141, 0, '', '0', 0, 0, 0, '2015-11-12 05:48:20', '', 0, ''),
(142, 0, '', '0', 0, 0, 0, '2015-11-12 05:49:28', '', 0, ''),
(143, 0, '', '0', 0, 0, 0, '2015-11-12 05:49:53', '', 0, ''),
(144, 0, '', '0', 0, 0, 0, '2015-11-12 05:50:24', '', 0, ''),
(145, 0, '', '0', 0, 0, 0, '2015-11-12 05:51:26', '', 0, ''),
(146, 0, '', '0', 0, 0, 0, '2015-11-12 05:51:40', '', 0, ''),
(147, 0, '', '0', 0, 0, 0, '2015-11-12 05:52:27', '', 0, ''),
(148, 0, '', '0', 0, 0, 0, '2015-11-12 05:52:27', '', 0, ''),
(149, 0, '', '0', 0, 0, 0, '2015-11-12 05:53:26', '', 0, ''),
(150, 0, '', '0', 0, 0, 0, '2015-11-12 05:53:27', '', 0, ''),
(151, 0, '', '0', 0, 0, 0, '2015-11-12 05:54:32', '', 0, ''),
(152, 0, '', '0', 0, 0, 0, '2015-11-12 05:55:02', '', 0, ''),
(153, 0, '', '0', 0, 0, 0, '2015-11-12 05:57:38', '', 0, ''),
(154, 0, '', '0', 0, 0, 0, '2015-11-12 05:57:38', '', 0, ''),
(155, 0, '', '0', 0, 0, 0, '2015-11-12 05:58:16', '', 0, ''),
(156, 0, '', '0', 0, 0, 0, '2015-11-12 05:58:16', '', 0, ''),
(157, 0, '', '0', 0, 0, 0, '2015-11-12 05:58:37', '', 0, ''),
(158, 0, '', '0', 0, 0, 0, '2015-11-12 05:59:48', '', 0, ''),
(159, 0, '', '0', 0, 0, 0, '2015-11-12 05:59:48', '', 0, ''),
(160, 0, '', '0', 0, 0, 0, '2015-11-12 06:01:19', '', 0, ''),
(161, 0, '', '0', 0, 0, 0, '2015-11-12 06:03:26', '', 0, ''),
(162, 0, '', '0', 0, 0, 0, '2015-11-12 06:03:51', '', 0, ''),
(163, 0, '', '0', 0, 0, 0, '2015-11-12 06:04:08', '', 0, ''),
(164, 0, '', '0', 0, 0, 0, '2015-11-12 06:04:42', '', 0, ''),
(165, 0, '', '0', 0, 0, 0, '2015-11-12 06:05:14', '', 0, ''),
(166, 0, '', '0', 0, 0, 0, '2015-11-12 06:06:42', '', 0, ''),
(167, 0, '', '0', 0, 0, 0, '2015-11-12 06:07:20', '', 0, ''),
(168, 0, '', '0', 0, 0, 0, '2015-11-12 06:07:21', '', 0, ''),
(169, 0, '', '0', 0, 0, 0, '2015-11-12 06:10:02', '', 0, ''),
(170, 0, '', '0', 0, 0, 0, '2015-11-12 06:10:02', '', 0, ''),
(171, 0, '', '0', 0, 0, 0, '2015-11-12 06:13:47', '', 0, ''),
(172, 0, '', '0', 0, 0, 0, '2015-11-12 06:16:05', '', 0, ''),
(173, 0, '', '0', 0, 0, 0, '2015-11-12 06:16:05', '', 0, ''),
(174, 0, '', '0', 0, 0, 0, '2015-11-12 06:16:47', '', 0, ''),
(175, 0, '', '0', 0, 0, 0, '2015-11-12 06:16:48', '', 0, ''),
(176, 0, '', '0', 0, 0, 0, '2015-11-12 06:18:49', '', 0, ''),
(177, 0, '', '0', 0, 0, 0, '2015-11-12 06:19:03', '', 0, ''),
(178, 0, '', '0', 0, 0, 0, '2015-11-12 06:19:03', '', 0, ''),
(179, 0, '', '0', 0, 0, 0, '2015-11-12 06:19:35', '', 0, ''),
(180, 0, '', '0', 0, 0, 0, '2015-11-12 06:19:35', '', 0, ''),
(181, 0, '', '0', 0, 0, 0, '2015-11-12 06:20:22', '', 0, ''),
(182, 0, '', '0', 0, 0, 0, '2015-11-12 06:20:39', '', 0, ''),
(183, 0, '', '0', 0, 0, 0, '2015-11-12 06:20:39', '', 0, ''),
(184, 0, '', '0', 0, 0, 0, '2015-11-12 06:21:01', '', 0, ''),
(185, 0, '', '0', 0, 0, 0, '2015-11-12 06:22:09', '', 0, ''),
(186, 0, '', '0', 0, 0, 0, '2015-11-12 06:22:39', '', 0, ''),
(187, 0, '', '0', 0, 0, 0, '2015-11-12 06:22:40', '', 0, ''),
(188, 0, '', '0', 0, 0, 0, '2015-11-12 06:23:18', '', 0, ''),
(189, 0, '', '0', 0, 0, 0, '2015-11-12 06:23:31', '', 0, ''),
(190, 0, '', '0', 0, 0, 0, '2015-11-12 06:23:31', '', 0, ''),
(191, 0, '', '0', 0, 0, 0, '2015-11-12 06:23:32', '', 0, ''),
(192, 0, '', '0', 0, 0, 0, '2015-11-12 06:24:25', '', 0, ''),
(193, 0, '', '0', 0, 0, 0, '2015-11-12 06:28:32', '', 0, ''),
(194, 0, '', '0', 0, 0, 0, '2015-11-12 06:29:35', '', 0, ''),
(195, 0, '', '0', 0, 0, 0, '2015-11-12 06:29:36', '', 0, ''),
(196, 0, '', '0', 0, 0, 0, '2015-11-12 06:30:40', '', 0, ''),
(197, 0, '', '0', 0, 0, 0, '2015-11-12 06:31:48', '', 0, ''),
(198, 0, '', '0', 0, 0, 0, '2015-11-12 06:34:12', '', 0, ''),
(199, 0, '', '0', 0, 0, 0, '2015-11-12 06:35:43', '', 0, ''),
(200, 0, '', '0', 0, 0, 0, '2015-11-12 06:36:08', '', 0, ''),
(201, 0, '', '0', 0, 0, 0, '2015-11-12 06:36:33', '', 0, ''),
(202, 0, '', '0', 0, 0, 0, '2015-11-12 06:37:14', '', 0, ''),
(203, 0, '', '0', 0, 0, 0, '2015-11-12 06:38:21', '', 0, ''),
(204, 0, '', '0', 0, 0, 0, '2015-11-12 06:38:50', '', 0, ''),
(205, 0, '', '0', 0, 0, 0, '2015-11-12 06:39:16', '', 0, ''),
(206, 0, '', '0', 0, 0, 0, '2015-11-12 06:39:35', '', 0, ''),
(207, 0, '', '0', 0, 0, 0, '2015-11-12 06:40:35', '', 0, ''),
(208, 0, '', '0', 0, 0, 0, '2015-11-12 06:40:49', '', 0, ''),
(209, 0, '', '0', 0, 0, 0, '2015-11-12 06:41:05', '', 0, ''),
(210, 0, '', '0', 0, 0, 0, '2015-11-12 06:41:36', '', 0, ''),
(211, 0, '', '0', 0, 0, 0, '2015-11-12 06:41:36', '', 0, ''),
(212, 0, '', '0', 0, 0, 0, '2015-11-12 06:43:09', '', 0, ''),
(213, 0, '', '0', 0, 0, 0, '2015-11-12 06:43:37', '', 0, ''),
(214, 0, '', '0', 0, 0, 0, '2015-11-12 06:43:37', '', 0, ''),
(215, 0, '', '0', 0, 0, 0, '2015-11-12 06:43:56', '', 0, ''),
(216, 0, '', '0', 0, 0, 0, '2015-11-12 06:44:28', '', 0, ''),
(217, 0, '', '0', 0, 0, 0, '2015-11-12 06:44:28', '', 0, ''),
(218, 0, '', '0', 0, 0, 0, '2015-11-12 06:44:50', '', 0, ''),
(219, 0, '', '0', 0, 0, 0, '2015-11-12 06:46:32', '', 0, ''),
(220, 0, '', '0', 0, 0, 0, '2015-11-12 06:46:52', '', 0, ''),
(221, 0, '', '0', 0, 0, 0, '2015-11-12 06:47:59', '', 0, ''),
(222, 0, '', '0', 0, 0, 0, '2015-11-12 06:50:13', '', 0, ''),
(223, 0, '', '0', 0, 0, 0, '2015-11-12 06:50:39', '', 0, ''),
(224, 0, '', '0', 0, 0, 0, '2015-11-12 06:51:12', '', 0, ''),
(225, 0, '', '0', 0, 0, 0, '2015-11-12 06:57:43', '', 0, ''),
(226, 0, '', '0', 0, 0, 0, '2015-11-12 06:58:24', '', 0, ''),
(227, 0, '', '0', 0, 0, 0, '2015-11-12 06:58:48', '', 0, ''),
(228, 0, '', '0', 0, 0, 0, '2015-11-12 06:59:51', '', 0, ''),
(229, 0, '', '0', 0, 0, 0, '2015-11-12 07:00:57', '', 0, ''),
(230, 0, '', '0', 0, 0, 0, '2015-11-12 07:01:27', '', 0, ''),
(231, 0, '', '0', 0, 0, 0, '2015-11-12 07:05:09', '', 0, ''),
(232, 0, '', '0', 0, 0, 0, '2015-11-12 07:06:05', '', 0, ''),
(233, 0, '', '0', 0, 0, 0, '2015-11-12 07:07:19', '', 0, ''),
(234, 0, '', '0', 0, 0, 0, '2015-11-12 07:07:58', '', 0, ''),
(235, 0, '', '0', 0, 0, 0, '2015-11-12 07:08:15', '', 0, '');

-- --------------------------------------------------------

--
-- Estructura de tabla para la tabla `ventaxelemento`
--

CREATE TABLE IF NOT EXISTS `ventaxelemento` (
  `id` int(11) NOT NULL,
  `venta` int(11) NOT NULL,
  `elemento` int(11) NOT NULL,
  `cantidad` int(11) NOT NULL,
  `valor` decimal(10,0) NOT NULL,
  `subtotal` decimal(10,0) NOT NULL,
  `descuento` int(11) NOT NULL
) ENGINE=InnoDB AUTO_INCREMENT=1423 DEFAULT CHARSET=latin1;

--
-- Volcado de datos para la tabla `ventaxelemento`
--

INSERT INTO `ventaxelemento` (`id`, `venta`, `elemento`, `cantidad`, `valor`, `subtotal`, `descuento`) VALUES
(1, 1, 2, 34, '3250', '53453545', 20),
(2, 1, 4, 22, '2000', '57634334', 30),
(3, 1, 6, 45, '3333', '555555555', 50),
(4, 1, 7, 2, '356889', '9999999999', 0),
(5, 1, 13, 21, '6000', '453772322', 0),
(6, 1, 25, 8, '5000', '63484553', 10),
(23, 108, 154, 1, '444', '444', 0),
(24, 108, 141, 1, '4900', '4900', 0),
(25, 108, 149, 1, '2147483647', '2147483647', 0),
(127, 109, 171, 1, '45564344', '45564344', 0),
(128, 109, 9, 1, '4500', '4500', 0),
(129, 109, 8, 1, '200', '200', 0),
(135, 110, 171, 1, '45564344', '45564344', 0),
(136, 110, 9, 1, '4500', '4500', 0),
(137, 110, 8, 1, '200', '200', 0),
(152, 114, 171, 1, '45564344', '45564344', 0),
(153, 114, 3, 1, '5400', '5400', 0),
(154, 114, 146, 1, '333', '333', 0),
(155, 114, 154, 1, '444', '444', 0),
(156, 114, 17, 1, '3000', '3000', 0),
(157, 114, 2, 1, '120000', '120000', 0),
(167, 115, 171, 1, '45564344', '45564344', 0),
(168, 115, 9, 1, '4500', '4500', 0),
(169, 115, 3, 1, '5400', '5400', 0),
(170, 115, 146, 1, '333', '333', 0),
(171, 115, 154, 1, '444', '444', 0),
(177, 116, 9, 1, '4500', '4500', 0),
(178, 116, 8, 1, '200', '200', 0),
(179, 116, 146, 1, '333', '333', 0),
(180, 116, 17, 1, '3000', '3000', 0),
(183, 117, 9, 1, '4500', '4500', 0),
(184, 117, 8, 1, '200', '200', 0),
(185, 117, 154, 1, '444', '444', 0),
(193, 119, 171, 1, '45564344', '45564344', 0),
(194, 119, 9, 1, '4500', '4500', 0),
(195, 119, 8, 1, '200', '200', 0),
(196, 119, 3, 1, '5400', '5400', 0),
(197, 119, 146, 1, '333', '333', 0),
(198, 121, 171, 1, '45564344', '45564344', 0),
(199, 121, 9, 1, '4500', '4500', 0),
(200, 121, 8, 1, '200', '200', 0),
(203, 122, 171, 1, '45564344', '45564344', 0),
(204, 122, 9, 1, '4500', '4500', 0),
(205, 122, 8, 1, '200', '200', 0),
(211, 124, 9, 1, '4500', '4500', 0),
(212, 124, 3, 1, '5400', '5400', 0),
(213, 124, 146, 1, '333', '333', 0),
(214, 124, 154, 1, '444', '444', 0),
(215, 125, 171, 1, '45564344', '45564344', 0),
(216, 125, 9, 1, '4500', '4500', 0),
(217, 125, 8, 1, '200', '200', 0),
(218, 127, 171, 1, '45564344', '45564344', 0),
(219, 127, 9, 1, '4500', '4500', 0),
(220, 129, 8, 1, '200', '200', 0),
(221, 129, 3, 1, '5400', '5400', 0),
(222, 129, 146, 1, '333', '333', 0),
(235, 130, 171, 1, '45564344', '45564344', 0),
(236, 130, 3, 1, '5400', '5400', 0),
(237, 131, 9, 1, '4500', '4500', 0),
(238, 131, 8, 1, '200', '200', 0),
(239, 131, 3, 1, '5400', '5400', 0),
(250, 133, 21, 1, '1400', '1400', 0),
(251, 133, 171, 1, '45564344', '45564344', 0),
(252, 133, 9, 1, '4500', '4500', 0),
(294, 135, 21, 1, '1400', '1400', 0),
(337, 137, 3, 1, '5400', '5400', 0),
(338, 137, 146, 1, '333', '333', 0),
(339, 137, 154, 1, '444', '444', 0),
(340, 137, 17, 1, '3000', '3000', 0),
(343, 138, 171, 1, '45564344', '45564344', 0),
(344, 138, 9, 1, '4500', '4500', 0),
(345, 138, 8, 1, '200', '200', 0),
(353, 139, 171, 1, '45564344', '45564344', 0),
(357, 141, 171, 1, '45564344', '45564344', 0),
(358, 141, 8, 1, '200', '200', 0),
(364, 142, 21, 1, '1400', '1400', 0),
(365, 142, 9, 1, '4500', '4500', 0),
(366, 143, 171, 1, '45564344', '45564344', 0),
(367, 143, 9, 1, '4500', '4500', 0),
(370, 144, 21, 1, '1400', '1400', 0),
(371, 144, 171, 1, '45564344', '45564344', 0),
(372, 144, 9, 1, '4500', '4500', 0),
(375, 145, 171, 1, '45564344', '45564344', 0),
(376, 145, 9, 1, '4500', '4500', 0),
(377, 145, 8, 1, '200', '200', 0),
(383, 146, 21, 1, '1400', '1400', 0),
(384, 146, 171, 1, '45564344', '45564344', 0),
(385, 146, 9, 1, '4500', '4500', 0),
(386, 146, 8, 1, '200', '200', 0),
(387, 148, 21, 1, '1400', '1400', 0),
(388, 148, 171, 1, '45564344', '45564344', 0),
(389, 148, 9, 1, '4500', '4500', 0),
(390, 150, 171, 1, '45564344', '45564344', 0),
(391, 150, 9, 1, '4500', '4500', 0),
(392, 150, 8, 1, '200', '200', 0),
(395, 151, 21, 1, '1400', '1400', 0),
(396, 151, 171, 1, '45564344', '45564344', 0),
(397, 151, 9, 1, '4500', '4500', 0),
(400, 152, 171, 1, '45564344', '45564344', 0),
(401, 152, 9, 1, '4500', '4500', 0),
(402, 152, 8, 1, '200', '200', 0),
(403, 154, 171, 1, '45564344', '45564344', 0),
(404, 154, 9, 1, '4500', '4500', 0),
(405, 154, 8, 1, '200', '200', 0),
(406, 156, 21, 1, '1400', '1400', 0),
(407, 156, 171, 1, '45564344', '45564344', 0),
(408, 156, 9, 1, '4500', '4500', 0),
(411, 157, 21, 1, '1400', '1400', 0),
(412, 157, 171, 1, '45564344', '45564344', 0),
(413, 157, 9, 1, '4500', '4500', 0),
(414, 159, 171, 1, '45564344', '45564344', 0),
(415, 159, 9, 1, '4500', '4500', 0),
(416, 159, 8, 1, '200', '200', 0),
(428, 160, 21, 4, '1400', '5600', 0),
(429, 160, 171, 6, '45564344', '273386064', 0),
(430, 160, 9, 2, '4500', '9000', 0),
(436, 161, 21, 1, '1400', '1400', 0),
(437, 161, 171, 1, '45564344', '45564344', 0),
(438, 161, 9, 1, '4500', '4500', 0),
(439, 161, 8, 1, '200', '200', 0),
(442, 162, 21, 1, '1400', '1400', 0),
(443, 162, 171, 1, '45564344', '45564344', 0),
(444, 162, 9, 1, '4500', '4500', 0),
(447, 163, 171, 1, '45564344', '45564344', 0),
(448, 163, 9, 1, '4500', '4500', 0),
(449, 163, 8, 1, '200', '200', 0),
(452, 164, 171, 1, '45564344', '45564344', 0),
(453, 164, 9, 1, '4500', '4500', 0),
(454, 164, 8, 1, '200', '200', 0),
(457, 165, 171, 1, '45564344', '45564344', 0),
(458, 165, 9, 1, '4500', '4500', 0),
(459, 165, 8, 1, '200', '200', 0),
(462, 166, 171, 1, '45564344', '45564344', 0),
(463, 166, 9, 1, '4500', '4500', 0),
(464, 166, 8, 1, '200', '200', 0),
(465, 167, 21, 1, '1400', '1400', 0),
(466, 167, 171, 1, '45564344', '45564344', 0),
(467, 167, 9, 1, '4500', '4500', 0),
(468, 170, 171, 1, '45564344', '45564344', 0),
(469, 170, 9, 1, '4500', '4500', 0),
(470, 170, 8, 1, '200', '200', 0),
(473, 171, 171, 1, '45564344', '45564344', 0),
(474, 171, 9, 1, '4500', '4500', 0),
(475, 171, 8, 1, '200', '200', 0),
(476, 173, 21, 1, '1400', '1400', 0),
(477, 173, 171, 1, '45564344', '45564344', 0),
(478, 173, 9, 1, '4500', '4500', 0),
(479, 174, 171, 1, '45564344', '45564344', 0),
(480, 174, 9, 1, '4500', '4500', 0),
(481, 174, 8, 1, '200', '200', 0),
(482, 176, 171, 1, '45564344', '45564344', 0),
(483, 176, 9, 1, '4500', '4500', 0),
(484, 177, 171, 1, '45564344', '45564344', 0),
(485, 177, 9, 1, '4500', '4500', 0),
(486, 177, 8, 1, '200', '200', 0),
(489, 181, 21, 1, '1400', '1400', 0),
(490, 181, 171, 1, '45564344', '45564344', 0),
(491, 181, 9, 1, '4500', '4500', 0),
(492, 182, 171, 1, '45564344', '45564344', 0),
(493, 182, 9, 1, '4500', '4500', 0),
(494, 182, 8, 1, '200', '200', 0),
(497, 184, 171, 1, '45564344', '45564344', 0),
(498, 184, 9, 1, '4500', '4500', 0),
(499, 184, 8, 1, '200', '200', 0),
(502, 185, 171, 1, '45564344', '45564344', 0),
(503, 185, 9, 1, '4500', '4500', 0),
(504, 185, 8, 1, '200', '200', 0),
(505, 186, 171, 1, '45564344', '45564344', 0),
(506, 186, 9, 1, '4500', '4500', 0),
(507, 186, 8, 1, '200', '200', 0),
(510, 188, 171, 1, '45564344', '45564344', 0),
(511, 188, 9, 1, '4500', '4500', 0),
(512, 188, 8, 1, '200', '200', 0),
(525, 192, 9, 1, '4500', '4500', 0),
(526, 192, 8, 1, '200', '200', 0),
(527, 192, 3, 1, '5400', '5400', 0),
(530, 193, 171, 1, '45564344', '45564344', 0),
(531, 193, 9, 1, '4500', '4500', 0),
(532, 193, 8, 1, '200', '200', 0),
(533, 194, 171, 1, '45564344', '45564344', 0),
(534, 194, 9, 1, '4500', '4500', 0),
(535, 194, 8, 1, '200', '200', 0),
(548, 195, 171, 10, '45564344', '455643440', 0),
(549, 195, 9, 3, '4500', '13500', 0),
(550, 195, 8, 100, '200', '20000', 0),
(553, 196, 171, 1, '45564344', '45564344', 0),
(554, 196, 9, 1, '4500', '4500', 0),
(555, 196, 8, 1, '200', '200', 0),
(558, 197, 171, 1, '45564344', '45564344', 0),
(559, 197, 9, 1, '4500', '4500', 0),
(560, 197, 8, 1, '200', '200', 0),
(575, 198, 171, 1, '45564344', '45564344', 0),
(576, 198, 9, 1, '4500', '4500', 0),
(577, 198, 8, 1, '200', '200', 0),
(578, 198, 3, 1, '5400', '5400', 0),
(579, 198, 146, 1, '333', '333', 0),
(580, 198, 154, 1, '444', '444', 0),
(601, 199, 171, 1, '45564344', '45564344', 0),
(602, 199, 9, 1, '4500', '4500', 0),
(603, 199, 8, 1, '200', '200', 0),
(604, 199, 3, 1, '5400', '5400', 0),
(605, 199, 146, 1, '333', '333', 0),
(606, 199, 154, 1, '444', '444', 0),
(607, 199, 17, 1, '3000', '3000', 0),
(652, 200, 21, 1, '1400', '1400', 0),
(653, 200, 171, 1, '45564344', '45564344', 0),
(654, 200, 9, 1, '4500', '4500', 0),
(655, 200, 8, 1, '200', '200', 0),
(656, 200, 3, 1, '5400', '5400', 0),
(657, 200, 146, 1, '333', '333', 0),
(658, 200, 154, 1, '444', '444', 0),
(659, 200, 17, 1, '3000', '3000', 0),
(660, 200, 14, 1, '5200', '5200', 0),
(661, 200, 19, 1, '5000', '5000', 0),
(689, 201, 171, 1, '45564344', '45564344', 0),
(690, 201, 9, 1, '4500', '4500', 0),
(691, 201, 8, 1, '200', '200', 0),
(692, 201, 3, 1, '5400', '5400', 0),
(693, 201, 146, 1, '333', '333', 0),
(694, 201, 154, 1, '444', '444', 0),
(695, 201, 17, 1, '3000', '3000', 0),
(696, 201, 2, 1, '120000', '120000', 0),
(699, 202, 171, 1, '45564344', '45564344', 0),
(700, 202, 9, 1, '4500', '4500', 0),
(701, 202, 8, 1, '200', '200', 0),
(704, 203, 3, 1, '5400', '5400', 0),
(705, 203, 146, 1, '333', '333', 0),
(706, 203, 154, 1, '444', '444', 0),
(709, 204, 9, 1, '4500', '4500', 0),
(710, 204, 8, 1, '200', '200', 0),
(711, 204, 3, 1, '5400', '5400', 0),
(714, 205, 9, 1, '4500', '4500', 0),
(715, 205, 8, 1, '200', '200', 0),
(716, 205, 3, 1, '5400', '5400', 0),
(719, 206, 171, 1, '45564344', '45564344', 0),
(720, 206, 9, 1, '4500', '4500', 0),
(721, 206, 8, 1, '200', '200', 0),
(722, 207, 9, 1, '4500', '4500', 0),
(723, 207, 8, 1, '200', '200', 0),
(726, 208, 171, 1, '45564344', '45564344', 0),
(727, 208, 9, 1, '4500', '4500', 0),
(728, 208, 8, 1, '200', '200', 0),
(731, 209, 8, 1, '200', '200', 0),
(732, 209, 3, 1, '5400', '5400', 0),
(733, 209, 146, 1, '333', '333', 0),
(734, 210, 171, 1, '45564344', '45564344', 0),
(735, 210, 9, 1, '4500', '4500', 0),
(736, 210, 8, 1, '200', '200', 0),
(739, 212, 8, 1, '200', '200', 0),
(740, 212, 3, 1, '5400', '5400', 0),
(741, 212, 146, 1, '333', '333', 0),
(742, 214, 171, 1, '45564344', '45564344', 0),
(743, 214, 9, 1, '4500', '4500', 0),
(744, 214, 8, 1, '200', '200', 0),
(747, 215, 3, 1, '5400', '5400', 0),
(748, 215, 146, 1, '333', '333', 0),
(749, 215, 154, 1, '444', '444', 0),
(750, 216, 8, 1, '200', '200', 0),
(751, 216, 3, 1, '5400', '5400', 0),
(752, 216, 154, 1, '444', '444', 0),
(762, 218, 21, 1, '1400', '1400', 0),
(763, 218, 171, 1, '45564344', '45564344', 0),
(764, 218, 9, 1, '4500', '4500', 0),
(765, 218, 8, 1, '200', '200', 0),
(766, 218, 3, 1, '5400', '5400', 0),
(776, 219, 9, 1, '4500', '4500', 0),
(777, 219, 8, 1, '200', '200', 0),
(778, 219, 3, 1, '5400', '5400', 0),
(779, 219, 146, 1, '333', '333', 0),
(780, 219, 154, 1, '444', '444', 0),
(835, 220, 21, 1, '1400', '1400', 0),
(836, 220, 171, 1, '45564344', '45564344', 0),
(837, 220, 9, 1, '4500', '4500', 0),
(838, 220, 8, 1, '200', '200', 0),
(839, 220, 3, 1, '5400', '5400', 0),
(840, 220, 146, 1, '333', '333', 0),
(841, 220, 154, 1, '444', '444', 0),
(842, 220, 17, 1, '3000', '3000', 0),
(843, 220, 2, 1, '120000', '120000', 0),
(844, 220, 14, 1, '5200', '5200', 0),
(845, 220, 19, 1, '5000', '5000', 0),
(947, 221, 6, 1, '1500', '1500', 0),
(948, 221, 145, 1, '2222222', '2222222', 0),
(949, 221, 171, 1, '45564344', '45564344', 0),
(950, 221, 5, 1, '180000000', '180000000', 0),
(951, 221, 9, 1, '4500', '4500', 0),
(952, 221, 8, 1, '200', '200', 0),
(953, 221, 3, 1, '5400', '5400', 0),
(954, 221, 146, 1, '333', '333', 0),
(955, 221, 154, 1, '444', '444', 0),
(956, 221, 17, 1, '3000', '3000', 0),
(957, 221, 2, 1, '120000', '120000', 0),
(958, 221, 14, 1, '5200', '5200', 0),
(959, 221, 19, 1, '5000', '5000', 0),
(960, 221, 172, 1, '20000', '20000', 0),
(961, 221, 6, 1, '1500', '1500', 0),
(962, 221, 20, 1, '2000', '2000', 0),
(963, 221, 145, 1, '2222222', '2222222', 0),
(964, 221, 5, 1, '180000000', '180000000', 0),
(974, 222, 9, 1, '4500', '4500', 0),
(975, 222, 8, 1, '200', '200', 0),
(976, 222, 3, 1, '5400', '5400', 0),
(977, 222, 154, 1, '444', '444', 0),
(998, 223, 171, 1, '45564344', '45564344', 0),
(999, 223, 9, 1, '4500', '4500', 0),
(1000, 223, 8, 1, '200', '200', 0),
(1001, 223, 146, 1, '333', '333', 0),
(1002, 223, 17, 1, '3000', '3000', 0),
(1003, 223, 2, 1, '120000', '120000', 0),
(1004, 223, 14, 1, '5200', '5200', 0),
(1089, 224, 21, 1, '1400', '1400', 0),
(1090, 224, 171, 1, '45564344', '45564344', 0),
(1091, 224, 9, 1, '4500', '4500', 0),
(1092, 224, 8, 1, '200', '200', 0),
(1093, 224, 14, 1, '5200', '5200', 0),
(1099, 225, 17, 1, '3000', '3000', 0),
(1100, 225, 2, 1, '120000', '120000', 0),
(1101, 225, 14, 1, '5200', '5200', 0),
(1102, 225, 19, 1, '5000', '5000', 0),
(1108, 226, 3, 1, '5400', '5400', 0),
(1109, 226, 146, 1, '333', '333', 0),
(1110, 226, 17, 1, '3000', '3000', 0),
(1111, 226, 2, 1, '120000', '120000', 0),
(1121, 227, 146, 1, '333', '333', 0),
(1122, 227, 154, 1, '444', '444', 0),
(1123, 227, 17, 1, '3000', '3000', 0),
(1124, 227, 2, 1, '120000', '120000', 0),
(1125, 227, 14, 1, '5200', '5200', 0),
(1126, 228, 154, 1, '444', '444', 0),
(1127, 228, 17, 1, '3000', '3000', 0),
(1137, 229, 3, 1, '5400', '5400', 0),
(1138, 229, 146, 1, '333', '333', 0),
(1139, 229, 154, 1, '444', '444', 0),
(1140, 229, 2, 1, '120000', '120000', 0),
(1141, 229, 19, 1, '5000', '5000', 0),
(1242, 230, 19, 1, '5000', '5000', 0),
(1243, 230, 7, 1, '20000', '20000', 0),
(1244, 230, 21, 89, '1400', '124600', 0),
(1245, 230, 172, 1, '20000', '20000', 0),
(1246, 230, 146, 1, '333', '333', 0),
(1247, 230, 147, 1, '2147483647', '2147483647', 0),
(1248, 230, 154, 1, '444', '444', 0),
(1249, 230, 155, 1, '444', '444', 0),
(1250, 230, 17, 1, '3000', '3000', 0),
(1251, 230, 20, 1, '2000', '2000', 0),
(1252, 230, 2, 1, '120000', '120000', 0),
(1253, 230, 14, 1, '5200', '5200', 0),
(1254, 230, 19, 1, '5000', '5000', 0),
(1255, 230, 7, 1, '20000', '20000', 0),
(1256, 230, 172, 1, '20000', '20000', 0),
(1257, 230, 147, 1, '2147483647', '2147483647', 0),
(1258, 230, 155, 1, '444', '444', 0),
(1259, 230, 20, 1, '2000', '2000', 0),
(1262, 231, 21, 1, '1400', '1400', 0),
(1263, 231, 171, 1, '45564344', '45564344', 0),
(1264, 231, 9, 1, '4500', '4500', 0),
(1300, 232, 21, 1, '1400', '1400', 0),
(1301, 232, 171, 1, '45564344', '45564344', 0),
(1302, 232, 9, 1, '4500', '4500', 0),
(1303, 232, 8, 1, '200', '200', 0),
(1304, 232, 3, 1, '5400', '5400', 0),
(1305, 232, 146, 1, '333', '333', 0),
(1306, 232, 154, 1, '444', '444', 0),
(1307, 232, 17, 1, '3000', '3000', 0),
(1308, 232, 2, 1, '120000', '120000', 0),
(1363, 233, 171, 1, '45564344', '45564344', 0),
(1364, 233, 9, 1, '4500', '4500', 0),
(1365, 233, 8, 1, '200', '200', 0),
(1366, 233, 3, 1, '5400', '5400', 0),
(1367, 233, 146, 1, '333', '333', 0),
(1368, 233, 154, 1, '444', '444', 0),
(1369, 233, 17, 1, '3000', '3000', 0),
(1370, 233, 2, 1, '120000', '120000', 0),
(1371, 233, 14, 1, '5200', '5200', 0),
(1372, 233, 19, 1, '5000', '5000', 0),
(1373, 233, 7, 1, '20000', '20000', 0),
(1401, 234, 171, 1, '45564344', '45564344', 0),
(1402, 234, 9, 1, '4500', '4500', 0),
(1403, 234, 8, 1, '200', '200', 0),
(1404, 234, 3, 1, '5400', '5400', 0),
(1405, 234, 146, 1, '333', '333', 0),
(1406, 234, 154, 1, '444', '444', 0),
(1407, 234, 17, 1, '3000', '3000', 0),
(1408, 234, 2, 1, '120000', '120000', 0),
(1418, 235, 9, 1, '4500', '4500', 0),
(1419, 235, 8, 1, '200', '200', 0),
(1420, 235, 3, 1, '5400', '5400', 0),
(1421, 235, 146, 1, '333', '333', 0),
(1422, 235, 154, 1, '444', '444', 0);

--
-- Índices para tablas volcadas
--

--
-- Indices de la tabla `borradores_venta`
--
ALTER TABLE `borradores_venta`
  ADD PRIMARY KEY (`id`),
  ADD UNIQUE KEY `venta` (`venta`);

--
-- Indices de la tabla `clientes`
--
ALTER TABLE `clientes`
  ADD PRIMARY KEY (`id`);

--
-- Indices de la tabla `configuracion`
--
ALTER TABLE `configuracion`
  ADD PRIMARY KEY (`id`);

--
-- Indices de la tabla `inventario`
--
ALTER TABLE `inventario`
  ADD PRIMARY KEY (`id`);

--
-- Indices de la tabla `inventario_categorias`
--
ALTER TABLE `inventario_categorias`
  ADD PRIMARY KEY (`id`),
  ADD UNIQUE KEY `id` (`id`);

--
-- Indices de la tabla `iva`
--
ALTER TABLE `iva`
  ADD PRIMARY KEY (`id`);

--
-- Indices de la tabla `tipo_pago`
--
ALTER TABLE `tipo_pago`
  ADD PRIMARY KEY (`id`);

--
-- Indices de la tabla `unidades`
--
ALTER TABLE `unidades`
  ADD PRIMARY KEY (`id`);

--
-- Indices de la tabla `ventas`
--
ALTER TABLE `ventas`
  ADD PRIMARY KEY (`id`);

--
-- Indices de la tabla `ventaxelemento`
--
ALTER TABLE `ventaxelemento`
  ADD PRIMARY KEY (`id`),
  ADD UNIQUE KEY `id` (`id`);

--
-- AUTO_INCREMENT de las tablas volcadas
--

--
-- AUTO_INCREMENT de la tabla `borradores_venta`
--
ALTER TABLE `borradores_venta`
  MODIFY `id` int(11) NOT NULL AUTO_INCREMENT,AUTO_INCREMENT=137;
--
-- AUTO_INCREMENT de la tabla `clientes`
--
ALTER TABLE `clientes`
  MODIFY `id` int(11) NOT NULL AUTO_INCREMENT,AUTO_INCREMENT=146;
--
-- AUTO_INCREMENT de la tabla `configuracion`
--
ALTER TABLE `configuracion`
  MODIFY `id` int(11) NOT NULL AUTO_INCREMENT,AUTO_INCREMENT=9;
--
-- AUTO_INCREMENT de la tabla `inventario`
--
ALTER TABLE `inventario`
  MODIFY `id` int(11) NOT NULL AUTO_INCREMENT,AUTO_INCREMENT=173;
--
-- AUTO_INCREMENT de la tabla `inventario_categorias`
--
ALTER TABLE `inventario_categorias`
  MODIFY `id` int(11) NOT NULL AUTO_INCREMENT,AUTO_INCREMENT=6;
--
-- AUTO_INCREMENT de la tabla `iva`
--
ALTER TABLE `iva`
  MODIFY `id` int(11) NOT NULL AUTO_INCREMENT,AUTO_INCREMENT=4;
--
-- AUTO_INCREMENT de la tabla `tipo_pago`
--
ALTER TABLE `tipo_pago`
  MODIFY `id` int(11) NOT NULL AUTO_INCREMENT,AUTO_INCREMENT=5;
--
-- AUTO_INCREMENT de la tabla `unidades`
--
ALTER TABLE `unidades`
  MODIFY `id` int(11) NOT NULL AUTO_INCREMENT,AUTO_INCREMENT=6;
--
-- AUTO_INCREMENT de la tabla `ventas`
--
ALTER TABLE `ventas`
  MODIFY `id` int(11) NOT NULL AUTO_INCREMENT,AUTO_INCREMENT=236;
--
-- AUTO_INCREMENT de la tabla `ventaxelemento`
--
ALTER TABLE `ventaxelemento`
  MODIFY `id` int(11) NOT NULL AUTO_INCREMENT,AUTO_INCREMENT=1423;
/*!40101 SET CHARACTER_SET_CLIENT=@OLD_CHARACTER_SET_CLIENT */;
/*!40101 SET CHARACTER_SET_RESULTS=@OLD_CHARACTER_SET_RESULTS */;
/*!40101 SET COLLATION_CONNECTION=@OLD_COLLATION_CONNECTION */;
