-- phpMyAdmin SQL Dump
-- version 4.4.3
-- http://www.phpmyadmin.net
--
-- Servidor: localhost
-- Tiempo de generación: 15-11-2015 a las 12:59:59
-- Versión del servidor: 5.6.24
-- Versión de PHP: 5.6.8

SET SQL_MODE = "NO_AUTO_VALUE_ON_ZERO";
SET time_zone = "+00:00";


/*!40101 SET @OLD_CHARACTER_SET_CLIENT=@@CHARACTER_SET_CLIENT */;
/*!40101 SET @OLD_CHARACTER_SET_RESULTS=@@CHARACTER_SET_RESULTS */;
/*!40101 SET @OLD_COLLATION_CONNECTION=@@COLLATION_CONNECTION */;
/*!40101 SET NAMES utf8 */;

--
-- Base de datos: `dconta`
--

-- --------------------------------------------------------

--
-- Estructura de tabla para la tabla `borradores_venta`
--

CREATE TABLE IF NOT EXISTS `borradores_venta` (
  `id` int(11) NOT NULL,
  `venta` int(11) NOT NULL
) ENGINE=InnoDB AUTO_INCREMENT=213 DEFAULT CHARSET=latin1;

--
-- Volcado de datos para la tabla `borradores_venta`
--

INSERT INTO `borradores_venta` (`id`, `venta`) VALUES
(1, 1),
(3, 102),
(4, 103),
(5, 104),
(6, 105),
(7, 106),
(8, 107),
(9, 108),
(10, 109),
(11, 110),
(12, 111),
(13, 112),
(14, 113),
(15, 114),
(16, 115),
(17, 116),
(18, 117),
(19, 118),
(20, 119),
(21, 120),
(22, 121),
(23, 122),
(24, 123),
(25, 124),
(26, 125),
(27, 126),
(28, 127),
(29, 128),
(30, 129),
(31, 130),
(32, 131),
(33, 132),
(34, 133),
(35, 134),
(36, 135),
(37, 136),
(38, 137),
(39, 138),
(40, 139),
(41, 140),
(42, 141),
(43, 142),
(44, 143),
(45, 144),
(46, 145),
(47, 146),
(48, 147),
(49, 148),
(50, 149),
(51, 150),
(52, 151),
(53, 152),
(54, 153),
(55, 154),
(56, 155),
(57, 156),
(58, 157),
(59, 158),
(60, 159),
(61, 160),
(62, 161),
(63, 162),
(64, 163),
(65, 164),
(66, 165),
(67, 166),
(68, 167),
(69, 168),
(70, 169),
(71, 170),
(72, 171),
(73, 172),
(74, 173),
(75, 174),
(76, 175),
(77, 176),
(78, 177),
(79, 178),
(80, 179),
(81, 180),
(82, 181),
(83, 182),
(84, 183),
(85, 184),
(86, 185),
(87, 186),
(88, 187),
(89, 188),
(90, 189),
(91, 190),
(92, 191),
(93, 192),
(94, 193),
(95, 194),
(96, 195),
(97, 196),
(98, 197),
(99, 198),
(100, 199),
(101, 200),
(102, 201),
(103, 202),
(104, 203),
(105, 204),
(106, 205),
(107, 206),
(108, 207),
(109, 208),
(110, 209),
(111, 210),
(112, 211),
(113, 212),
(114, 213),
(115, 214),
(116, 215),
(117, 216),
(118, 217),
(119, 218),
(120, 219),
(121, 220),
(122, 221),
(123, 222),
(124, 223),
(125, 224),
(126, 225),
(127, 226),
(128, 227),
(129, 228),
(130, 229),
(131, 230),
(132, 231),
(133, 232),
(134, 233),
(135, 234),
(136, 235),
(137, 236),
(138, 237),
(139, 238),
(140, 239),
(141, 240),
(142, 241),
(143, 242),
(144, 243),
(145, 244),
(146, 245),
(147, 246),
(148, 247),
(149, 248),
(150, 249),
(151, 250),
(152, 251),
(153, 252),
(154, 253),
(155, 254),
(156, 255),
(157, 256),
(158, 257),
(159, 258),
(160, 259),
(161, 260),
(162, 261),
(163, 262),
(164, 263),
(165, 264),
(166, 265),
(167, 266),
(168, 267),
(169, 268),
(170, 269),
(171, 270),
(172, 271),
(173, 272),
(174, 273),
(175, 274),
(176, 275),
(177, 276),
(178, 277),
(179, 278),
(180, 279),
(181, 280),
(182, 281),
(183, 282),
(184, 283),
(185, 284),
(186, 285),
(187, 286),
(188, 287),
(189, 288),
(190, 289),
(191, 290),
(192, 291),
(193, 292),
(194, 293),
(195, 294),
(196, 295),
(197, 296),
(198, 297),
(199, 298),
(200, 299),
(201, 300),
(202, 301),
(203, 302),
(204, 303),
(205, 304),
(206, 305),
(207, 306),
(208, 307),
(209, 308),
(210, 309),
(211, 310),
(212, 311);

-- --------------------------------------------------------

--
-- Estructura de tabla para la tabla `clientes`
--

CREATE TABLE IF NOT EXISTS `clientes` (
  `id` int(11) NOT NULL,
  `nombre` varchar(50) NOT NULL,
  `nitrut` int(11) NOT NULL COMMENT '1 nit, 2 rut',
  `numero_nitrut` varchar(20) NOT NULL,
  `direccion` varchar(40) NOT NULL,
  `correo` varchar(30) NOT NULL,
  `celular` varchar(20) NOT NULL,
  `imagen` int(1) NOT NULL,
  `activo` int(1) NOT NULL
) ENGINE=InnoDB AUTO_INCREMENT=146 DEFAULT CHARSET=latin1;

--
-- Volcado de datos para la tabla `clientes`
--

INSERT INTO `clientes` (`id`, `nombre`, `nitrut`, `numero_nitrut`, `direccion`, `correo`, `celular`, `imagen`, `activo`) VALUES
(2, 'nendrés Lara', 1, '4233452', 'Calle 59 #10 - 33 zzzxxx', 'aa@aa.com', '3148567791', 1, 0),
(3, 'nuamira', 0, '4534532', 'Carrera 120a', 'aaa@aa.comeeeeeeeeeeezzzzzzzzz', '333', 1, 0),
(4, 'zfrmando Casas', 1, '245367465', 'Carrera 389 #333-44', 'aaa@aa-com', '12345555', 0, 0),
(5, 'sudrigo Castro', 1, '4326767787', 'Carrera 59 #5-6', '11@11.com', '3113556030', 0, 0),
(6, 'zz&E Corporation', 1, '35247645433', 'Calle 30 con Carrera 50', 'zzz@aa.com', '999888777', 0, 0),
(7, 'qulitza', 0, '12948122', '', 'ee.aaa@a.com', '33333333333', 0, 0),
(8, 'qndrés Y cia', 0, '222222', '333', '444', '555', 0, 0),
(9, 'co voy', 1, '2222', '333', '444', '555', 1, 0),
(10, 'Colanta', 0, '', '', '', '', 1, 0),
(11, 'Sarros y carros', 0, '', '', '', '', 0, 0),
(12, 'zelltower', 0, '', '', '', '', 0, 0),
(13, 'Uçber', 0, '', '', '', '', 0, 1),
(14, 'qo way', 0, '', '', '', '', 0, 0),
(15, 'zbout', 0, '', '', '', '', 0, 0),
(16, 'No way', 0, '', '', '', '', 0, 0),
(17, 'HAbout', 0, '', '', '', '', 0, 0),
(18, 'No way', 0, '', '', '', '', 0, 0),
(19, 'hAbout', 0, '', '', '', '', 0, 0),
(20, 'No way', 0, '', '', '', '', 0, 0),
(21, 'hAbout', 0, '', '', '', '', 1, 0),
(22, 'No way', 0, '', '', '', '', 0, 0),
(23, '1', 0, '', '', '', '', 0, 0),
(24, 'Nzo way', 0, '', '', '', '', 0, 0),
(25, 'hbout', 0, '', '', '', '', 0, 0),
(26, 'Nzzo way', 0, '3534534', '', '', '', 1, 0),
(27, 'hAbout', 0, '', '', '', '', 0, 0),
(28, 'NAAaaao way', 0, '', '', '', '', 0, 0),
(29, 'Aeeeezzzz', 0, '', '', '', '', 1, 0),
(30, 'No way', 0, '', '', '', '', 0, 0),
(32, 'Nueo way', 0, '', '', '', '', 0, 0),
(34, 'No wayxxxx', 0, '', '', '', '', 0, 0),
(36, 'No way', 0, '', '', '', '', 0, 0),
(38, 'No way', 0, '', '', '', '', 0, 0),
(40, 'No way', 0, '', '', '', '', 0, 0),
(42, 'No way', 0, '', '', '', '', 0, 0),
(44, 'No way', 0, '', '', '', '', 0, 0),
(46, 'No way', 0, '', '', '', '', 0, 0),
(48, 'Nooooo way xxxxvvvvvvvvvvvvvvvv', 0, '', '', '', '', 1, 0),
(50, 'No way', 0, '', '', '', '', 0, 0),
(52, 'No way', 0, '', '', '', '', 0, 0),
(54, 'No way', 0, '', '', '', '', 0, 0),
(56, 'No way', 0, '', '', '', '', 0, 0),
(58, 'No way', 0, '', '', '', '', 0, 0),
(60, 'Nzo way', 0, '', '', '', '', 1, 0),
(62, 'No way', 0, '', '', '', '', 0, 0),
(64, 'Nzzo way', 0, '2345', '', 'andres@a.com', '5555', 1, 0),
(66, 'No way', 0, '', '', '', '', 0, 0),
(68, 'No way', 0, '', '', '', '', 1, 1),
(70, 'Neexxxco way', 0, '', '', '', '', 0, 0),
(72, 'Nó way', 0, '', '', '', '', 1, 0),
(74, 'No way', 0, '', '', '', '', 0, 0),
(76, 'No way', 0, '', '', '', '', 0, 0),
(78, 'No way', 0, '', '', '', '', 0, 0),
(80, 'Nxxxo way', 0, '', '', '', '', 0, 0),
(82, 'Nzzzzo way', 0, '', '', '', '', 0, 0),
(84, 'No way', 0, '', '', '', '', 0, 0),
(86, 'No way', 0, '', '', '', '', 0, 0),
(88, 'No way', 0, '', '', '', '', 0, 0),
(90, 'Nzzzxxxo way', 0, '', '', '', '', 0, 0),
(92, 'Nzo way', 0, '', '', '', '', 1, 0),
(94, 'No way', 0, '', '', '', '', 0, 0),
(96, 'No way', 0, '', '', '', '', 0, 0),
(98, 'No way', 0, '', '', '', '', 0, 0),
(100, 'No way', 0, '', '', '', '', 0, 0),
(101, 'aaaaa', 0, '', '', '', '', 0, 0),
(102, 'aeeeeaaaa', 0, '', '', '', '', 1, 0),
(103, 'aeeeeaaaaiii', 0, '', '', '', '', 1, 0),
(104, 'aeeeeaaaaiiixxx', 0, '', '', '', '', 1, 0),
(105, 'aaauuuu', 0, '', '', '', '', 0, 0),
(106, 'Aritmi', 0, '', '', '', '', 0, 0),
(107, 'Abaila', 0, '', '', '', '', 1, 0),
(108, 'Zunga', 0, '', '', '', '', 1, 0),
(109, 'Basco', 0, '', '', '', '', 1, 0),
(110, 'Baxco', 0, '222222222444', 'rsfs', '55@qaaa.com', '3333', 1, 0),
(111, 'Baxco', 0, '222222222444', '', '', '', 1, 0),
(112, 'No eres mi media costilla', 0, '3333333333', '666666666', '55@qaaa.com', '444444444', 1, 0),
(113, 'zzzzz', 0, '555', '8888', '777', '666', 0, 1),
(114, 'Alberto', 0, '555', '8888', '777', '666', 1, 1),
(115, 'zzzzzzzz', 0, '555', '8888', '777', '66677777', 0, 1),
(116, 'Bino', 0, '555', '8888', '777', '666', 1, 0),
(117, 'Aino', 0, '555', '8888', '777', '666', 1, 0),
(118, 'Ajaxer', 0, '', '', '', '', 0, 0),
(119, 'alaxer', 0, '', '', '', '', 0, 0),
(120, 'alaxer', 0, '', '', '', '', 0, 0),
(121, 'Alaxer', 0, '', '', '', '', 0, 0),
(122, 'Alaxer', 0, '', '', '', '', 0, 0),
(123, 'Alaxer', 0, '', '', '', '', 0, 0),
(124, 'Alaxer', 0, '', '', '', '', 0, 0),
(125, 'Alaxer', 0, '', '', '', '', 0, 0),
(126, 'Alexo', 0, '', '', '', '', 0, 0),
(127, 'Alexo2', 0, '', '', '', '', 0, 0),
(128, 'Alexo2', 0, '', '', '', '', 0, 0),
(129, 'Ano', 0, '555', '8888', '777', '666', 0, 0),
(130, 'Beno', 0, '', '', '', '', 0, 0),
(131, 'Ceno', 0, '', '', '', '', 0, 0),
(132, 'Cenoxx', 0, '', '', '', '', 0, 0),
(133, 'Beno', 0, '', '', '', '', 0, 0),
(134, 'Ceno', 0, '', '', '', '', 0, 0),
(135, 'Cenoxxdd', 0, '', '', '', '', 0, 0),
(136, 'Cenoxxdd22222222', 0, '', '', '', '', 0, 0),
(137, 'Axio', 0, '', '', '', '', 0, 0),
(138, 'Aloip', 0, '', '', '', '', 0, 0),
(139, 'Alop', 0, '', '', '', '', 0, 0),
(140, 'Bio', 0, '', '', '', '', 0, 0),
(141, 'Baio', 0, '', '', '', '', 0, 0),
(142, 'Axaui', 0, '', '', '', '', 0, 0),
(143, 'Biox', 0, '', '', '', '', 0, 0),
(144, 'Zino', 0, '', '', '', '', 0, 1),
(145, 'zarlos pardo', 0, '244567', 'afdas asss addd', 'aaa@aa.comee', '33445', 0, 1);

-- --------------------------------------------------------

--
-- Estructura de tabla para la tabla `configuracion`
--

CREATE TABLE IF NOT EXISTS `configuracion` (
  `id` int(11) NOT NULL,
  `campo` varchar(20) NOT NULL,
  `valor` varchar(30) NOT NULL
) ENGINE=InnoDB AUTO_INCREMENT=10 DEFAULT CHARSET=latin1;

--
-- Volcado de datos para la tabla `configuracion`
--

INSERT INTO `configuracion` (`id`, `campo`, `valor`) VALUES
(1, 'inventario_campo', 'nombre'),
(2, 'inventario_id_tipo', 'normal'),
(3, 'inventario_ascdesc', '0'),
(4, 'inventario_categoria', ''),
(5, 'ventas_page', '1'),
(6, 'ventas_order', 'total'),
(7, 'ventas_ascdesc', 'desc'),
(8, 'ventas_mostrar_por', 'ayer'),
(9, 'numero_factura', '4584');

-- --------------------------------------------------------

--
-- Estructura de tabla para la tabla `inventario`
--

CREATE TABLE IF NOT EXISTS `inventario` (
  `id` int(11) NOT NULL,
  `nombre` varchar(100) NOT NULL,
  `categoria` int(11) NOT NULL DEFAULT '1',
  `referencia` varchar(20) NOT NULL,
  `descripcion` varchar(4000) NOT NULL,
  `precio_venta` int(15) NOT NULL,
  `iva` varchar(7) NOT NULL,
  `tipo_elemento` int(11) NOT NULL,
  `cantidad` int(15) NOT NULL,
  `unidad_medida` int(11) NOT NULL,
  `activo` int(1) NOT NULL DEFAULT '1' COMMENT 'Activo para visible, 0 para eliminado',
  `imagen` int(1) NOT NULL
) ENGINE=InnoDB AUTO_INCREMENT=174 DEFAULT CHARSET=latin1;

--
-- Volcado de datos para la tabla `inventario`
--

INSERT INTO `inventario` (`id`, `nombre`, `categoria`, `referencia`, `descripcion`, `precio_venta`, `iva`, `tipo_elemento`, `cantidad`, `unidad_medida`, `activo`, `imagen`) VALUES
(1, 'Chontacones', 2, 'cho1', 'Patacones de chontaduro', 4000, '2', 0, 356, 1, 1, 0),
(2, 'Papas margarita', 1, 'pamar', 'Papas margarita con sabor a tomate', 120000, '3', 0, 124580, 1, 1, 0),
(3, 'Sopa Maggui1', 2, 'soma1', 'Sopas magui para toda la familia, en polvo con pollo y champiñones1', 5400, '2', 0, 200000, 1, 1, 0),
(4, 'Buñuelos deshidratados La redondazzz', 1, 'budesla', 'Buñuelos deshidratados de importación para el uso en casa', 38000, '2', 0, 57823, 2, 1, 0),
(5, 'Fideos "La Muñeca"', 1, 'fimu', 'Fideos listos para preparar, con los mayores estándares de calidad en el mundo y de distribución en Colombia', 180000000, '2', 0, 1100, 1, 1, 1),
(6, 'M&M''s de importación', 1, 'IM35', 'Dulces importados M&M, por MARS', 1500, '1', 0, 300, 1, 1, 0),
(7, 'Mayonesa la sabrosa', 1, 'RE222', 'Mayonesa la sabrosa por 2 libras', 20000, '1', 0, 535776, 1, 1, 1),
(8, 'Suntea x 250 miligramos', 4, 'RE5233', 'Suntea de mango', 200, '1', 0, 56343740, 1, 1, 0),
(9, 'Suntea x 500 miligramos', 2, 'RE336', 'Suntea de lulo x 500', 4500, '2', 0, 20, 2, 1, 0),
(10, 'Cafe la Palma', 1, 'RE2421', 'Café la palma, con el aroma que enamora el alma', 23546, '1', 0, 235645, 2, 1, 0),
(11, 'Bananos', 1, 'RE3534', 'Son Bananos 4 x 1', 1000, '1', 0, 14323, 2, 1, 0),
(12, 'Manzana Chilena', 1, 'RE396', 'Manzana chilena importada por Almaza', 400, '2', 0, 4983248, 2, 1, 0),
(13, 'Chocolates dietéticos', 1, 'RE9687', 'Chocolates bajos en azúcar', 4000, '1', 0, 254906, 2, 1, 0),
(14, 'Moras enlatadas', 1, 'RE36583', 'Moras enlatadas dulces', 5200, '2', 0, 700, 1, 1, 1),
(15, 'Agua negra<', 1, '12RE87945', '1Agua negra saludable5', 13490031, '3', 0, 1474889668, 3, 1, 0),
(16, 'Chocolatina JET x 250 miligramos', 1, 'RE29490', 'Chocolatina Jet 250 en barra', 200, '1', 0, 68889, 3, 1, 0),
(17, 'Pastel Ramo Naranja', 1, 'RE3234', 'Pastel Ramo de naranja', 3000, '1', 0, 364567677, 4, 1, 0),
(18, 'Gaseosa La Reina', 2, 'RE88865', 'Gaseosa La Reina de Manzana', 800, '2', 0, 48784333, 2, 1, 0),
(19, 'Mentas x 100 unidades', 1, 'RE98548', 'Mentas en paquetes de 100 unidades', 5000, '2', 0, 500, 3, 1, 0),
(20, 'Huevos pulverizados', 1, 'RE08929', 'Huevos pulverizados', 2000, '1', 0, 2455, 1, 1, 0),
(21, 'Zapallo por unidad', 2, 'RE5667', 'Zapallos por unidad', 1400, '3', 0, 59000, 2, 1, 1),
(139, 'Agua negra', 1, 'RE87945', 'Agua negra saludable', 4900, '2', 0, 474889, 2, 1, 0),
(140, 'Agua negra', 1, 'RE87945', 'Agua negra saludable', 4900, '2', 0, 474889, 2, 1, 0),
(141, 'Agua negra', 3, 'RE87945', 'Agua negra saludable', 4900, '2', 0, 474889, 2, 1, 0),
(142, 'Agua negra', 1, 'RE87945', 'Agua negra saludable', 4900, '2', 0, 474889, 2, 1, 0),
(143, 'Agua negra', 1, 'RE87945', 'Agua negra saludable', 4900, '2', 0, 474889, 2, 1, 0),
(144, 'Agua negra1', 1, 'RE879452', 'Agua negra saludable5', 49003, '2', 0, 4748896, 4, 1, 0),
(145, 'Hola', 1, 'prueba', 'dad', 2222222, '1', 0, 33, 1, 1, 0),
(146, 'rrrrrrrrrr', 2, 'eee', 'fgg', 333, '1', 0, 44, 1, 1, 0),
(147, 'llueve sobre mojado', 1, 'ssssssssssssssss', '5555555555555555555', 0, '1', 0, 0, 1, 1, 0),
(148, '1aaajax', 2, 'ssssssssssssssss', '5555555555555555555', 2147483647, '3', 1, 2147483647, 1, 1, 0),
(149, 'aaajax', 3, 'ssssssssssssssss', '5555555555555555555u8888', 2147483647, '3', 0, 2147483647, 1, 1, 0),
(150, 'aaajaxxxxxxxx', 2, 'ssssssssssssssss', '5555555555555555555', 2147483647, '1', 0, 2147483647, 1, 1, 0),
(151, 'aaaz de oros', 1, '333', 'fgvsd', 444, '1', 0, 333333, 3, 1, 0),
(152, 'aaaz de oros', 1, '333', 'fgvsd', 444, '1', 0, 333333, 1, 1, 0),
(153, 'aaaz de oros2222', 1, '333', 'fgvsd', 444, '1', 0, 333333, 1, 1, 0),
(154, 'pzaaas de oros2222', 3, '333', 'fgvsd', 444, '1', 0, 333333, 1, 1, 0),
(155, 'Lazzaaas de oros2222', 1, '333', 'fgvsd', 444, '1', 0, 333333, 1, 1, 0),
(156, 'caaaz de oros2222', 1, '333', 'fgvsd', 444, '1', 1, 333333, 1, 1, 0),
(157, 'aaaaaaaa', 1, '33333333', '', 444444, '1', 0, 777777777, 1, 1, 0),
(158, 'aaajaxxxxxxxx', 5, 'ssssssssssssssss', '5555555555555555555', 2147483647, '1', 0, 2147483647, 1, 1, 0),
(159, 'aaaaaaaa', 2, '33333333', '', 444444, '1', 0, 777777777, 1, 1, 0),
(160, '12aaajax', 1, 'ssssssssssssssss', '5555555555555555555', 2147483647, '1', 0, 2147483647, 1, 1, 0),
(161, '122aaajax', 1, 'ssssssssssssssss', '5555555555555555555', 2147483647, '1', 1, 2147483647, 1, 1, 0),
(162, '1222aaajax', 2, 'ssssssssssssssss', '5555555555555555555', 2147483647, '3', 1, 2147483647, 3, 1, 0),
(163, '122x2aaajax', 1, 'ssssssssssssssss', '5555555555555555555', 2147483647, '1', 0, 2147483647, 1, 1, 0),
(164, '122xx2aaajax', 4, 'ssssssssssssssss', '5555555555555555555', 2147483647, '3', 0, 2147483647, 1, 1, 0),
(165, '122xx2aaaja2x', 2, 'ssssssssssssssss', '5555555555555555555', 2147483647, '1', 0, 2147483647, 1, 1, 0),
(166, 'aaaaaaaaaaaaaaaaaaajax', 5, '123', '888', 456, '3', 0, 8888, 1, 1, 0),
(167, '1111111111ajaaaaxe', 5, '2222', '55555', 45633333, '3', 0, 88886666, 1, 1, 0),
(168, '11111111111111aaaa', 4, '3333', 'fsdsd', 2147483647, '1', 0, 88886666, 4, 1, 0),
(169, '11111222222333eddddd', 2, '333', 'fsds', 4556434, '3', 0, 44444, 5, 1, 0),
(170, '2222222222ghsdd', 4, 'dfss', 'gdfd', 4444, '1', 0, 433343, 3, 1, 0),
(171, 'Salsa por tarros', 1, '333333', '', 45564344, '1', 0, 2, 1, 1, 0),
(172, 'Mayonesa la sabrosa', 1, 'RE222', 'Mayonesa la sabrosa por 2 libras', 20000, '1', 0, 0, 1, 1, 1),
(173, 'Andrés Lara Collazos', 2, '23423', 'azdasas', 22231434, '3', 1, 0, 1, 1, 0);

-- --------------------------------------------------------

--
-- Estructura de tabla para la tabla `inventario_categorias`
--

CREATE TABLE IF NOT EXISTS `inventario_categorias` (
  `id` int(11) NOT NULL,
  `valor` varchar(40) NOT NULL
) ENGINE=InnoDB AUTO_INCREMENT=6 DEFAULT CHARSET=latin1;

--
-- Volcado de datos para la tabla `inventario_categorias`
--

INSERT INTO `inventario_categorias` (`id`, `valor`) VALUES
(1, 'Sin categoria'),
(2, 'Alimentos'),
(3, 'Licores'),
(4, 'Abarrotes'),
(5, 'Gaseosas');

-- --------------------------------------------------------

--
-- Estructura de tabla para la tabla `iva`
--

CREATE TABLE IF NOT EXISTS `iva` (
  `id` int(11) NOT NULL,
  `valor` varchar(5) NOT NULL
) ENGINE=InnoDB AUTO_INCREMENT=4 DEFAULT CHARSET=latin1;

--
-- Volcado de datos para la tabla `iva`
--

INSERT INTO `iva` (`id`, `valor`) VALUES
(1, '0'),
(2, '5'),
(3, '16');

-- --------------------------------------------------------

--
-- Estructura de tabla para la tabla `tipo_pago`
--

CREATE TABLE IF NOT EXISTS `tipo_pago` (
  `id` int(11) NOT NULL,
  `valor` varchar(40) NOT NULL
) ENGINE=InnoDB AUTO_INCREMENT=5 DEFAULT CHARSET=latin1;

--
-- Volcado de datos para la tabla `tipo_pago`
--

INSERT INTO `tipo_pago` (`id`, `valor`) VALUES
(1, 'Contado'),
(2, 'Cr'),
(3, 'Tarjeta crédito'),
(4, 'Tarjeta débito');

-- --------------------------------------------------------

--
-- Estructura de tabla para la tabla `unidades`
--

CREATE TABLE IF NOT EXISTS `unidades` (
  `id` int(11) NOT NULL,
  `descripcion` varchar(20) NOT NULL
) ENGINE=InnoDB AUTO_INCREMENT=6 DEFAULT CHARSET=latin1;

--
-- Volcado de datos para la tabla `unidades`
--

INSERT INTO `unidades` (`id`, `descripcion`) VALUES
(1, 'Metros'),
(2, 'Galones'),
(3, 'Tarros'),
(4, 'Paquetes'),
(5, 'Bolsas');

-- --------------------------------------------------------

--
-- Estructura de tabla para la tabla `ventas`
--

CREATE TABLE IF NOT EXISTS `ventas` (
  `id` int(11) NOT NULL,
  `numero_factura` int(11) NOT NULL,
  `cliente` varchar(60) NOT NULL COMMENT 'en texto, no key',
  `descuento` decimal(10,0) NOT NULL,
  `iva` int(11) NOT NULL,
  `subtotal` bigint(30) NOT NULL,
  `total` bigint(30) NOT NULL,
  `fecha` timestamp NOT NULL DEFAULT CURRENT_TIMESTAMP ON UPDATE CURRENT_TIMESTAMP,
  `hash` varchar(70) NOT NULL,
  `tipo_pago` int(11) NOT NULL,
  `observaciones` varchar(3000) NOT NULL,
  `estado` int(11) NOT NULL
) ENGINE=InnoDB AUTO_INCREMENT=312 DEFAULT CHARSET=latin1;

--
-- Volcado de datos para la tabla `ventas`
--

INSERT INTO `ventas` (`id`, `numero_factura`, `cliente`, `descuento`, `iva`, `subtotal`, `total`, `fecha`, `hash`, `tipo_pago`, `observaciones`, `estado`) VALUES
(1, 1, 'Alberto Plazas', '0', 1, 2000, 3500, '2015-10-23 05:00:00', 'akisjd92jkmds9fdikw9083j38da', 2, 'Nada ', 0),
(2, 22, 'Calrtlos arturo', '0', 1, 2899, 4000, '2015-10-15 01:58:19', 'ujhbuyi68907h8yb7yt5v8', 1, 'aaaaa', 0),
(3, 4444, 'Socorro Collazos', '20', 2, 22222, 33333, '2015-10-15 02:34:54', 'fgsd43w5fgsd', 1, 'eeeeee', 0),
(4, 22, 'Calrtlos arturo', '0', 1, 2899, 4000, '2015-09-15 01:58:39', 'ujhbuyi68907h8yb7yt5v8', 1, 'aaaaa', 0),
(5, 4444, 'Socorro Collazos', '20', 2, 22222, 33333, '2015-10-15 02:35:08', 'fgsd43w5fgsd', 1, 'eeeeee', 0),
(6, 22, 'Calrtlos arturo', '0', 1, 2899, 4000, '2015-09-15 01:58:39', 'ujhbuyi68907h8yb7yt5v8', 1, 'aaaaa', 0),
(7, 4444, 'Socorro Collazos', '20', 2, 22222, 2147483647, '2015-10-16 23:10:54', 'fgsd43w5fgsd', 1, 'eeeeee', 0),
(8, 22, 'Calrtlos arturo', '0', 1, 2899, 4000, '2015-09-15 01:58:39', 'ujhbuyi68907h8yb7yt5v8', 1, 'aaaaa', 0),
(9, 4444, 'Socorro Collazos', '20', 2, 22222, 33333, '2015-10-15 02:35:08', 'fgsd43w5fgsd', 1, 'eeeeee', 0),
(10, 22, 'Calrtlos arturo', '0', 1, 2899, 4000, '2015-09-15 01:58:39', 'ujhbuyi68907h8yb7yt5v8', 1, 'aaaaa', 0),
(11, 4444, 'Socorro Collazos', '20', 2, 22222, 33333, '2015-10-15 02:35:08', 'fgsd43w5fgsd', 1, 'eeeeee', 0),
(12, 22, 'Calrtlos arturo', '0', 1, 2899, 4000, '2015-09-15 01:58:39', 'ujhbuyi68907h8yb7yt5v8', 1, 'aaaaa', 0),
(13, 4444, 'Socorro Collazos', '20', 2, 22222, 33333, '2015-11-03 02:35:08', 'fgsd43w5fgsd', 1, 'eeeeee', 0),
(14, 22, 'Calrtlos arturo', '0', 1, 2899, 4000, '2015-09-15 01:58:39', 'ujhbuyi68907h8yb7yt5v8', 1, 'aaaaa', 0),
(15, 4444, 'Socorro Collazos', '20', 2, 22222, 33333, '2015-11-01 02:35:08', 'fgsd43w5fgsd', 1, 'eeeeee', 0),
(16, 22, 'Calrtlos arturo', '0', 1, 2899, 4000, '2015-09-15 01:58:39', 'ujhbuyi68907h8yb7yt5v8', 1, 'aaaaa', 0),
(17, 4444, 'Socorro Collazos', '20', 2, 22222, 33333, '2015-10-15 02:35:08', 'fgsd43w5fgsd', 1, 'eeeeee', 0),
(18, 22, 'Calrtlos arturo', '0', 1, 2899, 4000, '2015-09-15 01:58:39', 'ujhbuyi68907h8yb7yt5v8', 1, 'aaaaa', 0),
(19, 4444, 'Socorro Collazos', '20', 2, 22222, 33333, '2015-11-02 02:35:08', 'fgsd43w5fgsd', 1, 'eeeeee', 0),
(20, 22, 'Calrtlos arturo', '0', 1, 2899, 4000, '2015-09-15 01:58:39', 'ujhbuyi68907h8yb7yt5v8', 1, 'aaaaa', 0),
(21, 4444, 'Socorro Collazos', '20', 2, 22222, 33333, '2015-10-15 02:35:08', 'fgsd43w5fgsd', 1, 'eeeeee', 0),
(22, 22, 'Calrtlos arturo', '0', 1, 2899, 4000, '2015-10-15 01:58:39', 'ujhbuyi68907h8yb7yt5v8', 1, 'aaaaa', 0),
(23, 4444, 'Socorro Collazos', '20', 2, 22222, 33333, '2015-10-15 02:35:08', 'fgsd43w5fgsd', 1, 'eeeeee', 0),
(24, 22, 'Calrtlos arturo', '0', 1, 2899, 40009900, '2015-10-16 23:11:40', 'ujhbuyi68907h8yb7yt5v8', 1, 'aaaaa', 0),
(25, 4444, 'Socorro Collazos', '20', 2, 22222, 33333, '2015-10-15 02:35:08', 'fgsd43w5fgsd', 1, 'eeeeee', 0),
(26, 22, 'Calrtlos arturo', '0', 1, 2899, 4000, '2015-10-15 01:58:39', 'ujhbuyi68907h8yb7yt5v8', 1, 'aaaaa', 0),
(27, 4444, 'Socorro Collazos', '20', 2, 22222, 33333, '2015-10-30 02:35:08', 'fgsd43w5fgsd', 1, 'eeeeee', 0),
(28, 22, 'Calrtlos arturo', '0', 1, 2899, 4000, '2015-10-15 01:58:39', 'ujhbuyi68907h8yb7yt5v8', 1, 'aaaaa', 0),
(29, 4444, 'Socorro Collazos', '20', 2, 22222, 33333, '2015-10-15 02:35:08', 'fgsd43w5fgsd', 1, 'eeeeee', 0),
(30, 22, 'Calrtlos arturo', '0', 1, 2899, 4000, '2015-10-15 01:58:39', 'ujhbuyi68907h8yb7yt5v8', 1, 'aaaaa', 0),
(31, 4444, 'Socorro Collazos', '20', 2, 22222, 33333, '2015-10-15 02:35:08', 'fgsd43w5fgsd', 1, 'eeeeee', 0),
(32, 22, 'Calrtlos arturo', '0', 1, 2899, 4000, '2015-10-15 01:58:39', 'ujhbuyi68907h8yb7yt5v8', 1, 'aaaaa', 0),
(33, 4444, 'Socorro Collazos', '20', 2, 22222, 33333, '2015-10-15 02:35:08', 'fgsd43w5fgsd', 1, 'eeeeee', 0),
(34, 22, 'Calrtlos arturo', '0', 1, 2899, 4000, '2015-10-15 01:58:39', 'ujhbuyi68907h8yb7yt5v8', 1, 'aaaaa', 0),
(35, 4444, 'Socorro Collazos', '20', 2, 22222, 33333, '2015-10-31 02:35:08', 'fgsd43w5fgsd', 1, 'eeeeee', 0),
(36, 22, 'Calrtlos arturo', '0', 1, 2899, 4000, '2015-10-15 01:58:39', 'ujhbuyi68907h8yb7yt5v8', 1, 'aaaaa', 0),
(37, 4444, 'Socorro Collazos', '20', 2, 22222, 33333, '2015-10-15 02:35:08', 'fgsd43w5fgsd', 1, 'eeeeee', 0),
(38, 22, 'Calrtlos arturo', '0', 1, 2899, 4000, '2015-10-15 01:58:39', 'ujhbuyi68907h8yb7yt5v8', 1, 'aaaaa', 0),
(39, 4444, 'Socorro Collazos', '20', 2, 22222, 33333, '2015-10-15 02:35:08', 'fgsd43w5fgsd', 1, 'eeeeee', 0),
(40, 22, 'Calrtlos arturo', '0', 1, 2899, 4000, '2015-09-15 01:58:39', 'ujhbuyi68907h8yb7yt5v8', 1, 'aaaaa', 0),
(41, 4444, 'Socorro Collazos', '20', 2, 22222, 33333, '2015-10-15 02:35:08', 'fgsd43w5fgsd', 1, 'eeeeee', 0),
(42, 22, 'Calrtlos arturo', '0', 1, 2899, 4000, '2015-10-15 01:58:39', 'ujhbuyi68907h8yb7yt5v8', 1, 'aaaaa', 0),
(43, 4444, 'Socorro Collazos', '20', 2, 22222, 33333, '2015-10-15 02:35:08', 'fgsd43w5fgsd', 1, 'eeeeee', 0),
(44, 22, 'Calrtlos arturo', '0', 1, 2899, 4000, '2015-09-15 01:58:39', 'ujhbuyi68907h8yb7yt5v8', 1, 'aaaaa', 0),
(45, 4444, 'Socorro Collazos', '20', 2, 22222, 33333, '2015-10-15 02:35:08', 'fgsd43w5fgsd', 1, 'eeeeee', 0),
(46, 22, 'Calrtlos arturo', '0', 1, 2899, 4000, '2015-10-15 01:58:39', 'ujhbuyi68907h8yb7yt5v8', 1, 'aaaaa', 0),
(47, 4444, 'Socorro Collazos', '20', 2, 22222, 33333, '2015-10-15 02:35:08', 'fgsd43w5fgsd', 1, 'eeeeee', 0),
(48, 22, 'Calrtlos arturo', '0', 1, 2899, 4000, '2015-10-15 01:58:40', 'ujhbuyi68907h8yb7yt5v8', 1, 'aaaaa', 0),
(49, 4444, 'Socorro Collazos', '20', 2, 22222, 33333, '2015-10-15 02:35:08', 'fgsd43w5fgsd', 1, 'eeeeee', 0),
(50, 22, 'Calrtlos arturo', '0', 1, 2899, 4000, '2015-10-15 01:58:40', 'ujhbuyi68907h8yb7yt5v8', 1, 'aaaaa', 0),
(51, 4444, 'Socorro Collazos', '20', 2, 22222, 33333, '2015-10-15 02:35:08', 'fgsd43w5fgsd', 1, 'eeeeee', 0),
(52, 22, 'Calrtlos arturo', '0', 1, 2899, 4000, '2015-10-15 01:58:40', 'ujhbuyi68907h8yb7yt5v8', 1, 'aaaaa', 0),
(53, 4444, 'Socorro Collazos', '20', 2, 22222, 33333, '2015-10-15 02:35:08', 'fgsd43w5fgsd', 1, 'eeeeee', 0),
(54, 22, 'Calrtlos arturo', '0', 1, 2899, 4000, '2015-10-15 01:58:40', 'ujhbuyi68907h8yb7yt5v8', 1, 'aaaaa', 0),
(55, 4444, 'Socorro Collazos', '20', 2, 22222, 33333, '2015-10-15 02:35:08', 'fgsd43w5fgsd', 1, 'eeeeee', 0),
(56, 22, 'Calrtlos arturo', '0', 1, 2899, 4000, '2015-10-15 01:58:40', 'ujhbuyi68907h8yb7yt5v8', 1, 'aaaaa', 0),
(57, 4444, 'Socorro Collazos', '20', 2, 22222, 33333, '2015-10-15 02:35:08', 'fgsd43w5fgsd', 1, 'eeeeee', 0),
(58, 22, 'Calrtlos arturo', '0', 1, 2899, 4000, '2015-10-15 01:58:40', 'ujhbuyi68907h8yb7yt5v8', 1, 'aaaaa', 0),
(59, 4444, 'Socorro Collazos', '20', 2, 22222, 33333, '2015-10-15 02:35:08', 'fgsd43w5fgsd', 1, 'eeeeee', 0),
(60, 22, 'Calrtlos arturo', '0', 1, 2899, 4000, '2015-10-15 01:58:40', 'ujhbuyi68907h8yb7yt5v8', 1, 'aaaaa', 0),
(61, 4444, 'Socorro Collazos', '20', 2, 22222, 33333, '2015-10-15 02:35:08', 'fgsd43w5fgsd', 1, 'eeeeee', 0),
(62, 22, 'Calrtlos arturo', '0', 1, 2899, 4000, '2015-10-15 01:58:40', 'ujhbuyi68907h8yb7yt5v8', 1, 'aaaaa', 0),
(63, 4444, 'Socorro Collazos', '20', 2, 22222, 33333, '2015-10-15 02:35:08', 'fgsd43w5fgsd', 1, 'eeeeee', 0),
(64, 22, 'Calrtlos arturo', '0', 1, 2899, 4000, '2015-10-15 01:58:40', 'ujhbuyi68907h8yb7yt5v8', 1, 'aaaaa', 0),
(65, 4444, 'Socorro Collazos', '20', 2, 22222, 33333, '2015-10-15 02:35:08', 'fgsd43w5fgsd', 1, 'eeeeee', 0),
(66, 22, 'Calrtlos arturo', '0', 1, 2899, 4000, '2015-10-15 01:58:40', 'ujhbuyi68907h8yb7yt5v8', 1, 'aaaaa', 0),
(67, 4444, 'Socorro Collazos', '20', 2, 22222, 33333, '2015-10-15 02:35:08', 'fgsd43w5fgsd', 1, 'eeeeee', 0),
(68, 22, 'Calrtlos arturo', '0', 1, 2899, 4000, '2015-10-15 01:58:40', 'ujhbuyi68907h8yb7yt5v8', 1, 'aaaaa', 0),
(69, 4444, 'Socorro Collazos', '20', 2, 22222, 33333, '2015-10-15 02:35:08', 'fgsd43w5fgsd', 1, 'eeeeee', 0),
(70, 22, 'Calrtlos arturo', '0', 1, 2899, 4000, '2015-10-15 01:58:40', 'ujhbuyi68907h8yb7yt5v8', 1, 'aaaaa', 0),
(71, 4444, 'Socorro Collazos', '20', 2, 22222, 33333, '2015-10-15 02:35:08', 'fgsd43w5fgsd', 1, 'eeeeee', 0),
(72, 22, 'Calrtlos arturo', '0', 1, 2899, 4000, '2015-10-15 01:58:40', 'ujhbuyi68907h8yb7yt5v8', 1, 'aaaaa', 0),
(73, 4444, 'Socorro Collazos', '20', 2, 22222, 33333, '2015-10-15 02:35:08', 'fgsd43w5fgsd', 1, 'eeeeee', 0),
(74, 22, 'Calrtlos arturo', '0', 1, 2899, 4000, '2015-10-15 01:58:40', 'ujhbuyi68907h8yb7yt5v8', 1, 'aaaaa', 0),
(75, 4444, 'Socorro Collazos', '20', 2, 22222, 33333, '2015-10-15 02:35:08', 'fgsd43w5fgsd', 1, 'eeeeee', 0),
(76, 22, 'Calrtlos arturo', '0', 1, 2899, 4000, '2015-10-15 01:58:40', 'ujhbuyi68907h8yb7yt5v8', 1, 'aaaaa', 0),
(77, 4444, 'Socorro Collazos', '20', 2, 22222, 33333, '2015-10-15 02:35:08', 'fgsd43w5fgsd', 1, 'eeeeee', 0),
(78, 22, 'Calrtlos arturo', '0', 1, 2899, 4000, '2015-10-15 01:58:40', 'ujhbuyi68907h8yb7yt5v8', 1, 'aaaaa', 0),
(79, 4444, 'Socorro Collazos', '20', 2, 22222, 33333, '2015-10-15 02:35:08', 'fgsd43w5fgsd', 1, 'eeeeee', 0),
(80, 22, 'Calrtlos arturo', '0', 1, 2899, 4000, '2015-10-15 01:58:40', 'ujhbuyi68907h8yb7yt5v8', 1, 'aaaaa', 0),
(81, 4444, 'Socorro Collazos', '20', 2, 22222, 33333, '2015-10-15 02:35:08', 'fgsd43w5fgsd', 1, 'eeeeee', 0),
(82, 22, 'Calrtlos arturo', '0', 1, 2899, 4000, '2015-10-15 01:58:40', 'ujhbuyi68907h8yb7yt5v8', 1, 'aaaaa', 0),
(83, 4444, 'Socorro Collazos', '20', 2, 22222, 33333, '2015-10-15 02:35:08', 'fgsd43w5fgsd', 1, 'eeeeee', 0),
(84, 22, 'Calrtlos arturo', '0', 1, 2899, 4000, '2015-10-15 01:58:40', 'ujhbuyi68907h8yb7yt5v8', 1, 'aaaaa', 0),
(85, 4444, 'Socorro Collazos', '20', 2, 22222, 33333, '2015-10-15 02:35:08', 'fgsd43w5fgsd', 1, 'eeeeee', 0),
(86, 22, 'Calrtlos arturo', '0', 1, 2899, 4000, '2015-10-15 01:58:40', 'ujhbuyi68907h8yb7yt5v8', 1, 'aaaaa', 0),
(87, 4444, 'Socorro Collazos', '20', 2, 22222, 33333, '2015-10-15 02:35:08', 'fgsd43w5fgsd', 1, 'eeeeee', 0),
(88, 22, 'Calrtlos arturo', '0', 1, 2899, 4000, '2015-10-15 01:58:40', 'ujhbuyi68907h8yb7yt5v8', 1, 'aaaaa', 0),
(89, 4444, 'Socorro Collazos', '20', 2, 22222, 33333, '2015-10-15 02:35:08', 'fgsd43w5fgsd', 1, 'eeeeee', 0),
(90, 231, 'Alberto Plazas333', '23', 1, 556676, 4444, '2015-10-23 05:39:20', 'fgddg43t3vd', 1, '2dfsasa', 0),
(91, 0, '', '0', 0, 0, 0, '2015-11-09 20:38:00', '', 0, '', 0),
(92, 0, '', '0', 0, 0, 0, '2015-11-09 20:38:02', '', 0, '', 0),
(93, 0, '', '0', 0, 0, 0, '2015-11-09 20:39:18', '', 0, '', 0),
(94, 0, '', '0', 0, 0, 0, '2015-11-09 20:39:21', '', 0, '', 0),
(95, 0, '', '0', 0, 0, 0, '2015-11-09 20:39:23', '', 0, '', 0),
(96, 0, '', '0', 0, 0, 0, '2015-11-09 20:39:56', '', 0, '', 0),
(97, 0, '', '0', 0, 0, 0, '2015-11-09 20:39:58', '', 0, '', 0),
(98, 0, '', '0', 0, 0, 0, '2015-11-09 20:41:09', '', 0, '', 0),
(99, 0, '', '0', 0, 0, 0, '2015-11-09 20:41:20', '', 0, '', 0),
(100, 0, '', '0', 0, 0, 0, '2015-11-09 20:41:48', '', 0, '', 0),
(101, 0, '', '0', 0, 0, 0, '2015-11-09 20:42:01', '', 0, '', 0),
(102, 0, '', '0', 0, 0, 0, '2015-11-09 20:53:29', '', 0, '', 0),
(103, 0, '', '0', 0, 0, 0, '2015-11-09 21:04:24', '', 0, '', 0),
(104, 0, '', '0', 0, 0, 0, '2015-11-09 21:05:05', '', 0, '', 0),
(105, 0, '', '0', 0, 0, 0, '2015-11-09 23:15:15', '', 0, '', 0),
(106, 0, '', '0', 0, 0, 0, '2015-11-09 23:16:38', '', 0, '', 0),
(107, 0, '', '0', 0, 0, 0, '2015-11-09 23:17:57', '', 0, '', 0),
(108, 0, '', '0', 0, 0, 0, '2015-11-09 23:35:02', '', 0, '', 0),
(109, 0, '', '0', 0, 0, 0, '2015-11-09 23:56:53', '', 0, '', 0),
(110, 0, '', '0', 0, 0, 0, '2015-11-10 03:53:45', '', 0, '', 0),
(111, 0, '', '0', 0, 0, 0, '2015-11-10 03:54:32', '', 0, '', 0),
(112, 0, '', '0', 0, 0, 0, '2015-11-10 04:10:38', '', 0, '', 0),
(113, 0, '', '0', 0, 0, 0, '2015-11-11 03:33:33', '', 0, '', 0),
(114, 0, '', '0', 0, 0, 0, '2015-11-11 05:01:34', '', 0, '', 0),
(115, 0, '', '0', 0, 0, 0, '2015-11-11 19:46:19', '', 0, '', 0),
(116, 0, '', '0', 0, 0, 0, '2015-11-12 03:52:39', '', 0, '', 0),
(117, 0, '', '0', 0, 0, 0, '2015-11-12 03:58:54', '', 0, '', 0),
(118, 0, '', '0', 0, 0, 0, '2015-11-12 03:59:06', '', 0, '', 0),
(119, 0, '', '0', 0, 0, 0, '2015-11-12 03:59:06', '', 0, '', 0),
(120, 0, '', '0', 0, 0, 0, '2015-11-12 04:04:35', '', 0, '', 0),
(121, 0, '', '0', 0, 0, 0, '2015-11-12 04:04:35', '', 0, '', 0),
(122, 0, '', '0', 0, 0, 0, '2015-11-12 04:05:29', '', 0, '', 0),
(123, 0, '', '0', 0, 0, 0, '2015-11-12 04:23:48', '', 0, '', 0),
(124, 0, '', '0', 0, 0, 0, '2015-11-12 05:34:56', '', 0, '', 0),
(125, 0, '', '0', 0, 0, 0, '2015-11-12 05:35:24', '', 0, '', 0),
(126, 0, '', '0', 0, 0, 0, '2015-11-12 05:35:25', '', 0, '', 0),
(127, 0, '', '0', 0, 0, 0, '2015-11-12 05:37:53', '', 0, '', 0),
(128, 0, '', '0', 0, 0, 0, '2015-11-12 05:38:45', '', 0, '', 0),
(129, 0, '', '0', 0, 0, 0, '2015-11-12 05:38:46', '', 0, '', 0),
(130, 0, '', '0', 0, 0, 0, '2015-11-12 05:41:04', '', 0, '', 0),
(131, 0, '', '0', 0, 0, 0, '2015-11-12 05:41:58', '', 0, '', 0),
(132, 0, '', '0', 0, 0, 0, '2015-11-12 05:41:59', '', 0, '', 0),
(133, 0, '', '0', 0, 0, 0, '2015-11-12 05:42:23', '', 0, '', 0),
(134, 0, '', '0', 0, 0, 0, '2015-11-12 05:43:30', '', 0, '', 0),
(135, 0, '', '0', 0, 0, 0, '2015-11-12 05:44:23', '', 0, '', 0),
(136, 0, '', '0', 0, 0, 0, '2015-11-12 05:44:44', '', 0, '', 0),
(137, 0, '', '0', 0, 0, 0, '2015-11-12 05:45:09', '', 0, '', 0),
(138, 0, '', '0', 0, 0, 0, '2015-11-12 05:45:36', '', 0, '', 0),
(139, 0, '', '0', 0, 0, 0, '2015-11-12 05:46:11', '', 0, '', 0),
(140, 0, '', '0', 0, 0, 0, '2015-11-12 05:48:19', '', 0, '', 0),
(141, 0, '', '0', 0, 0, 0, '2015-11-12 05:48:20', '', 0, '', 0),
(142, 0, '', '0', 0, 0, 0, '2015-11-12 05:49:28', '', 0, '', 0),
(143, 0, '', '0', 0, 0, 0, '2015-11-12 05:49:53', '', 0, '', 0),
(144, 0, '', '0', 0, 0, 0, '2015-11-12 05:50:24', '', 0, '', 0),
(145, 0, '', '0', 0, 0, 0, '2015-11-12 05:51:26', '', 0, '', 0),
(146, 0, '', '0', 0, 0, 0, '2015-11-12 05:51:40', '', 0, '', 0),
(147, 0, '', '0', 0, 0, 0, '2015-11-12 05:52:27', '', 0, '', 0),
(148, 0, '', '0', 0, 0, 0, '2015-11-12 05:52:27', '', 0, '', 0),
(149, 0, '', '0', 0, 0, 0, '2015-11-12 05:53:26', '', 0, '', 0),
(150, 0, '', '0', 0, 0, 0, '2015-11-12 05:53:27', '', 0, '', 0),
(151, 0, '', '0', 0, 0, 0, '2015-11-12 05:54:32', '', 0, '', 0),
(152, 0, '', '0', 0, 0, 0, '2015-11-12 05:55:02', '', 0, '', 0),
(153, 0, '', '0', 0, 0, 0, '2015-11-12 05:57:38', '', 0, '', 0),
(154, 0, '', '0', 0, 0, 0, '2015-11-12 05:57:38', '', 0, '', 0),
(155, 0, '', '0', 0, 0, 0, '2015-11-12 05:58:16', '', 0, '', 0),
(156, 0, '', '0', 0, 0, 0, '2015-11-12 05:58:16', '', 0, '', 0),
(157, 0, '', '0', 0, 0, 0, '2015-11-12 05:58:37', '', 0, '', 0),
(158, 0, '', '0', 0, 0, 0, '2015-11-12 05:59:48', '', 0, '', 0),
(159, 0, '', '0', 0, 0, 0, '2015-11-12 05:59:48', '', 0, '', 0),
(160, 0, '', '0', 0, 0, 0, '2015-11-12 06:01:19', '', 0, '', 0),
(161, 0, '', '0', 0, 0, 0, '2015-11-12 06:03:26', '', 0, '', 0),
(162, 0, '', '0', 0, 0, 0, '2015-11-12 06:03:51', '', 0, '', 0),
(163, 0, '', '0', 0, 0, 0, '2015-11-12 06:04:08', '', 0, '', 0),
(164, 0, '', '0', 0, 0, 0, '2015-11-12 06:04:42', '', 0, '', 0),
(165, 0, '', '0', 0, 0, 0, '2015-11-12 06:05:14', '', 0, '', 0),
(166, 0, '', '0', 0, 0, 0, '2015-11-12 06:06:42', '', 0, '', 0),
(167, 0, '', '0', 0, 0, 0, '2015-11-12 06:07:20', '', 0, '', 0),
(168, 0, '', '0', 0, 0, 0, '2015-11-12 06:07:21', '', 0, '', 0),
(169, 0, '', '0', 0, 0, 0, '2015-11-12 06:10:02', '', 0, '', 0),
(170, 0, '', '0', 0, 0, 0, '2015-11-12 06:10:02', '', 0, '', 0),
(171, 0, '', '0', 0, 0, 0, '2015-11-12 06:13:47', '', 0, '', 0),
(172, 0, '', '0', 0, 0, 0, '2015-11-12 06:16:05', '', 0, '', 0),
(173, 0, '', '0', 0, 0, 0, '2015-11-12 06:16:05', '', 0, '', 0),
(174, 0, '', '0', 0, 0, 0, '2015-11-12 06:16:47', '', 0, '', 0),
(175, 0, '', '0', 0, 0, 0, '2015-11-12 06:16:48', '', 0, '', 0),
(176, 0, '', '0', 0, 0, 0, '2015-11-12 06:18:49', '', 0, '', 0),
(177, 0, '', '0', 0, 0, 0, '2015-11-12 06:19:03', '', 0, '', 0),
(178, 0, '', '0', 0, 0, 0, '2015-11-12 06:19:03', '', 0, '', 0),
(179, 0, '', '0', 0, 0, 0, '2015-11-12 06:19:35', '', 0, '', 0),
(180, 0, '', '0', 0, 0, 0, '2015-11-12 06:19:35', '', 0, '', 0),
(181, 0, '', '0', 0, 0, 0, '2015-11-12 06:20:22', '', 0, '', 0),
(182, 0, '', '0', 0, 0, 0, '2015-11-12 06:20:39', '', 0, '', 0),
(183, 0, '', '0', 0, 0, 0, '2015-11-12 06:20:39', '', 0, '', 0),
(184, 0, '', '0', 0, 0, 0, '2015-11-12 06:21:01', '', 0, '', 0),
(185, 0, '', '0', 0, 0, 0, '2015-11-12 06:22:09', '', 0, '', 0),
(186, 0, '', '0', 0, 0, 0, '2015-11-12 06:22:39', '', 0, '', 0),
(187, 0, '', '0', 0, 0, 0, '2015-11-12 06:22:40', '', 0, '', 0),
(188, 0, '', '0', 0, 0, 0, '2015-11-12 06:23:18', '', 0, '', 0),
(189, 0, '', '0', 0, 0, 0, '2015-11-12 06:23:31', '', 0, '', 0),
(190, 0, '', '0', 0, 0, 0, '2015-11-12 06:23:31', '', 0, '', 0),
(191, 0, '', '0', 0, 0, 0, '2015-11-12 06:23:32', '', 0, '', 0),
(192, 0, '', '0', 0, 0, 0, '2015-11-12 06:24:25', '', 0, '', 0),
(193, 0, '', '0', 0, 0, 0, '2015-11-12 06:28:32', '', 0, '', 0),
(194, 0, '', '0', 0, 0, 0, '2015-11-12 06:29:35', '', 0, '', 0),
(195, 0, '', '0', 0, 0, 0, '2015-11-12 06:29:36', '', 0, '', 0),
(196, 0, '', '0', 0, 0, 0, '2015-11-12 06:30:40', '', 0, '', 0),
(197, 0, '', '0', 0, 0, 0, '2015-11-12 06:31:48', '', 0, '', 0),
(198, 0, '', '0', 0, 0, 0, '2015-11-12 06:34:12', '', 0, '', 0),
(199, 0, '', '0', 0, 0, 0, '2015-11-12 06:35:43', '', 0, '', 0),
(200, 0, '', '0', 0, 0, 0, '2015-11-12 06:36:08', '', 0, '', 0),
(201, 0, '', '0', 0, 0, 0, '2015-11-12 06:36:33', '', 0, '', 0),
(202, 0, '', '0', 0, 0, 0, '2015-11-12 06:37:14', '', 0, '', 0),
(203, 0, '', '0', 0, 0, 0, '2015-11-12 06:38:21', '', 0, '', 0),
(204, 0, '', '0', 0, 0, 0, '2015-11-12 06:38:50', '', 0, '', 0),
(205, 0, '', '0', 0, 0, 0, '2015-11-12 06:39:16', '', 0, '', 0),
(206, 0, '', '0', 0, 0, 0, '2015-11-12 06:39:35', '', 0, '', 0),
(207, 0, '', '0', 0, 0, 0, '2015-11-12 06:40:35', '', 0, '', 0),
(208, 0, '', '0', 0, 0, 0, '2015-11-12 06:40:49', '', 0, '', 0),
(209, 0, '', '0', 0, 0, 0, '2015-11-12 06:41:05', '', 0, '', 0),
(210, 0, '', '0', 0, 0, 0, '2015-11-12 06:41:36', '', 0, '', 0),
(211, 0, '', '0', 0, 0, 0, '2015-11-12 06:41:36', '', 0, '', 0),
(212, 0, '', '0', 0, 0, 0, '2015-11-12 06:43:09', '', 0, '', 0),
(213, 0, '', '0', 0, 0, 0, '2015-11-12 06:43:37', '', 0, '', 0),
(214, 0, '', '0', 0, 0, 0, '2015-11-12 06:43:37', '', 0, '', 0),
(215, 0, '', '0', 0, 0, 0, '2015-11-12 06:43:56', '', 0, '', 0),
(216, 0, '', '0', 0, 0, 0, '2015-11-12 06:44:28', '', 0, '', 0),
(217, 0, '', '0', 0, 0, 0, '2015-11-12 06:44:28', '', 0, '', 0),
(218, 0, '', '0', 0, 0, 0, '2015-11-12 06:44:50', '', 0, '', 0),
(219, 0, '', '0', 0, 0, 0, '2015-11-12 06:46:32', '', 0, '', 0),
(220, 0, '', '0', 0, 0, 0, '2015-11-12 06:46:52', '', 0, '', 0),
(221, 0, '', '0', 0, 0, 0, '2015-11-12 06:47:59', '', 0, '', 0),
(222, 0, '', '0', 0, 0, 0, '2015-11-12 06:50:13', '', 0, '', 0),
(223, 0, '', '0', 0, 0, 0, '2015-11-12 06:50:39', '', 0, '', 0),
(224, 0, '', '0', 0, 0, 0, '2015-11-12 06:51:12', '', 0, '', 0),
(225, 0, '', '0', 0, 0, 0, '2015-11-12 06:57:43', '', 0, '', 0),
(226, 0, '', '0', 0, 0, 0, '2015-11-12 06:58:24', '', 0, '', 0),
(227, 0, '', '0', 0, 0, 0, '2015-11-12 06:58:48', '', 0, '', 0),
(228, 0, '', '0', 0, 0, 0, '2015-11-12 06:59:51', '', 0, '', 0),
(229, 0, '', '0', 0, 0, 0, '2015-11-12 07:00:57', '', 0, '', 0),
(230, 0, '', '0', 0, 0, 0, '2015-11-12 07:01:27', '', 0, '', 0),
(231, 0, '', '0', 0, 0, 0, '2015-11-12 07:05:09', '', 0, '', 0),
(232, 0, '', '0', 0, 0, 0, '2015-11-12 07:06:05', '', 0, '', 0),
(233, 0, '', '0', 0, 0, 0, '2015-11-12 07:07:19', '', 0, '', 0),
(234, 0, '', '0', 0, 0, 0, '2015-11-12 07:07:58', '', 0, '', 0),
(235, 0, '', '0', 0, 0, 0, '2015-11-12 07:08:15', '', 0, '', 0),
(236, 0, 'Alberto', '0', 0, 45570444, 45570444, '2015-11-13 12:27:31', '', 0, '', 0),
(237, 0, 'Alberto', '50', 0, 2147483647, 2147483647, '2015-11-13 12:50:29', '', 0, '', 0),
(238, 0, '', '0', 0, 0, 0, '2015-11-13 16:24:22', '', 0, '', 0),
(239, 0, '', '0', 0, 0, 0, '2015-11-13 16:27:08', '', 0, '', 0),
(240, 0, '', '0', 0, 0, 0, '2015-11-13 16:28:56', '', 0, '', 0),
(241, 0, '', '0', 0, 0, 0, '2015-11-13 16:29:17', '', 0, '', 0),
(242, 0, '', '0', 0, 0, 0, '2015-11-13 16:39:01', '', 0, '', 0),
(243, 0, 'Alberto', '0', 0, 45574777, 45574777, '2015-11-13 16:39:59', '', 0, '', 0),
(244, 4568, 'dsds', '0', 0, 45574777, 45574777, '2015-11-13 17:32:23', '', 0, '', 0),
(245, 4569, 'sfsdfsdfsd', '0', 0, 45579288, 45579288, '2015-11-13 17:36:48', '', 0, '', 0),
(246, 4570, 'Alberto', '0', 0, 11300, 11300, '2015-11-14 15:57:58', '', 1, '', 0),
(247, 0, 'Alberto', '0', 0, 45572821, 45572821, '2015-11-14 15:59:24', '', 1, '', 0),
(248, 0, 'Alberto', '0', 0, 6177, 6177, '2015-11-14 16:00:25', '', 1, '', 0),
(249, 4571, 'Alberto', '50', 0, 777, 389, '2015-11-14 16:03:23', '', 1, '', 1),
(250, 4572, 'Nzzo way', '0', 0, 3777, 3777, '2015-11-14 16:05:27', '', 1, '', 1),
(251, 0, '', '0', 0, 0, 0, '2015-11-14 16:07:13', '', 0, '', 0),
(252, 0, '', '0', 0, 0, 0, '2015-11-14 16:14:38', '', 0, '', 0),
(253, 0, '', '0', 0, 0, 0, '2015-11-14 16:15:55', '', 0, '', 0),
(254, 0, '', '0', 0, 0, 0, '2015-11-14 16:16:43', '', 0, '', 0),
(255, 4573, 'zarlos pardo', '40', 0, 45569044, 27341426, '2015-11-14 16:17:04', '', 3, '', 1),
(256, 0, '', '0', 0, 0, 0, '2015-11-14 17:12:11', '', 0, '', 0),
(257, 0, '', '0', 0, 0, 0, '2015-11-14 22:22:06', '', 0, '', 0),
(258, 0, '', '0', 0, 0, 0, '2015-11-15 08:24:03', '', 0, '', 0),
(259, 4574, 'Alberto', '50', 0, 2147483647, 2147483647, '2015-11-15 09:37:29', '', 1, '', 1),
(260, 4578, 'Alberto', '51', 0, 2147483647, 2147483647, '2015-11-15 09:41:34', '', 1, '', 1),
(261, 4579, 'Alberto', '0', 0, 2147483647, 2147483647, '2015-11-15 09:44:03', '', 1, '', 1),
(262, 4581, 'No way', '50', 0, 8680095885, 4340047943, '2015-11-15 09:45:17', '', 1, '', 1),
(263, 0, '', '0', 0, 0, 0, '2015-11-15 09:50:02', '', 0, '', 0),
(264, 0, '', '0', 0, 0, 0, '2015-11-15 09:50:45', '', 0, '', 0),
(265, 0, '', '0', 0, 0, 0, '2015-11-15 09:51:32', '', 0, '', 0),
(266, 0, '', '0', 0, 0, 0, '2015-11-15 09:54:32', '', 0, '', 0),
(267, 0, '', '0', 0, 0, 0, '2015-11-15 10:00:17', '', 0, '', 0),
(268, 0, '', '0', 0, 0, 0, '2015-11-15 10:04:51', '', 0, '', 0),
(269, 0, '', '0', 0, 0, 0, '2015-11-15 10:05:23', '', 0, '', 0),
(270, 0, '', '0', 0, 0, 0, '2015-11-15 10:06:56', '', 0, '', 0),
(271, 0, '', '0', 0, 0, 0, '2015-11-15 10:07:18', '', 0, '', 0),
(272, 0, '', '0', 0, 0, 0, '2015-11-15 10:08:07', '', 0, '', 0),
(273, 0, '', '0', 0, 0, 0, '2015-11-15 10:08:53', '', 0, '', 0),
(274, 0, '', '0', 0, 0, 0, '2015-11-15 10:10:20', '', 0, '', 0),
(275, 0, '', '0', 0, 0, 0, '2015-11-15 10:10:52', '', 0, '', 0),
(276, 0, '', '0', 0, 0, 0, '2015-11-15 10:11:29', '', 0, '', 0),
(277, 0, '', '0', 0, 0, 0, '2015-11-15 10:12:00', '', 0, '', 0),
(278, 4582, 'asdas', '0', 0, 6538136063, 6538136063, '2015-11-15 10:53:54', '', 1, '', 1),
(279, 0, '', '0', 0, 0, 0, '2015-11-15 10:54:05', '', 0, '', 0),
(280, 0, '', '0', 0, 0, 0, '2015-11-15 10:55:09', '', 0, '', 0),
(281, 0, '', '0', 0, 0, 0, '2015-11-15 10:57:38', '', 0, '', 0),
(282, 0, '', '0', 0, 0, 0, '2015-11-15 10:58:18', '', 0, '', 0),
(283, 0, '', '0', 0, 0, 0, '2015-11-15 10:59:07', '', 0, '', 0),
(284, 0, '', '0', 0, 0, 0, '2015-11-15 11:03:14', '', 0, '', 0),
(285, 0, '', '0', 0, 0, 0, '2015-11-15 11:04:59', '', 0, '', 0),
(286, 0, '', '0', 0, 0, 0, '2015-11-15 11:06:26', '', 0, '', 0),
(287, 0, '', '0', 0, 0, 0, '2015-11-15 11:07:35', '', 0, '', 0),
(288, 0, '', '0', 0, 0, 0, '2015-11-15 11:08:28', '', 0, '', 0),
(289, 0, '', '0', 0, 0, 0, '2015-11-15 11:08:46', '', 0, '', 0),
(290, 0, '', '0', 0, 0, 0, '2015-11-15 11:09:06', '', 0, '', 0),
(291, 0, '', '0', 0, 0, 0, '2015-11-15 11:15:10', '', 0, '', 0),
(292, 0, '', '0', 0, 0, 0, '2015-11-15 11:21:16', '', 0, '', 0),
(293, 4583, 'Alberto', '0', 0, 8589934588, 8589934588, '2015-11-15 11:40:37', '', 1, '', 1),
(294, 0, '', '0', 0, 0, 0, '2015-11-15 11:44:54', '', 0, '', 0),
(295, 0, '', '0', 0, 0, 0, '2015-11-15 11:45:12', '', 0, '', 0),
(296, 0, '', '0', 0, 0, 0, '2015-11-15 11:45:33', '', 0, '', 0),
(297, 0, '', '0', 0, 0, 0, '2015-11-15 11:46:10', '', 0, '', 0),
(298, 0, '', '0', 0, 0, 0, '2015-11-15 11:46:29', '', 0, '', 0),
(299, 0, '', '0', 0, 0, 0, '2015-11-15 11:46:46', '', 0, '', 0),
(300, 0, '', '0', 0, 0, 0, '2015-11-15 11:47:08', '', 0, '', 0),
(301, 0, '', '0', 0, 0, 0, '2015-11-15 11:47:42', '', 0, '', 0),
(302, 0, '', '0', 0, 0, 0, '2015-11-15 11:48:43', '', 0, '', 0),
(303, 0, '', '0', 0, 0, 0, '2015-11-15 11:49:36', '', 0, '', 0),
(304, 0, '', '0', 0, 0, 0, '2015-11-15 11:49:54', '', 0, '', 0),
(305, 0, '', '0', 0, 0, 0, '2015-11-15 11:51:40', '', 0, '', 0),
(306, 0, '', '0', 0, 0, 0, '2015-11-15 11:52:10', '', 0, '', 0),
(307, 0, '', '0', 0, 0, 0, '2015-11-15 11:56:16', '', 0, '', 0),
(308, 0, '', '0', 0, 0, 0, '2015-11-15 11:56:32', '', 0, '', 0),
(309, 0, '', '0', 0, 0, 0, '2015-11-15 11:56:57', '', 0, '', 0),
(310, 0, '', '0', 0, 0, 0, '2015-11-15 11:57:26', '', 0, '', 0),
(311, 4584, 'Alberto', '0', 0, 12889902760, 12889902760, '2015-11-15 11:58:47', '', 1, '', 1);

-- --------------------------------------------------------

--
-- Estructura de tabla para la tabla `ventaxelemento`
--

CREATE TABLE IF NOT EXISTS `ventaxelemento` (
  `id` int(11) NOT NULL,
  `venta` int(11) NOT NULL,
  `elemento` int(11) NOT NULL,
  `cantidad` int(11) NOT NULL,
  `valor` decimal(10,0) NOT NULL,
  `subtotal` decimal(10,0) NOT NULL,
  `descuento` int(11) NOT NULL
) ENGINE=InnoDB AUTO_INCREMENT=3643 DEFAULT CHARSET=latin1;

--
-- Volcado de datos para la tabla `ventaxelemento`
--

INSERT INTO `ventaxelemento` (`id`, `venta`, `elemento`, `cantidad`, `valor`, `subtotal`, `descuento`) VALUES
(1, 1, 2, 34, '3250', '53453545', 20),
(2, 1, 4, 22, '2000', '57634334', 30),
(3, 1, 6, 45, '3333', '555555555', 50),
(4, 1, 7, 2, '356889', '9999999999', 0),
(5, 1, 13, 21, '6000', '453772322', 0),
(6, 1, 25, 8, '5000', '63484553', 10),
(23, 108, 154, 1, '444', '444', 0),
(24, 108, 141, 1, '4900', '4900', 0),
(25, 108, 149, 1, '2147483647', '2147483647', 0),
(127, 109, 171, 1, '45564344', '45564344', 0),
(128, 109, 9, 1, '4500', '4500', 0),
(129, 109, 8, 1, '200', '200', 0),
(135, 110, 171, 1, '45564344', '45564344', 0),
(136, 110, 9, 1, '4500', '4500', 0),
(137, 110, 8, 1, '200', '200', 0),
(152, 114, 171, 1, '45564344', '45564344', 0),
(153, 114, 3, 1, '5400', '5400', 0),
(154, 114, 146, 1, '333', '333', 0),
(155, 114, 154, 1, '444', '444', 0),
(156, 114, 17, 1, '3000', '3000', 0),
(157, 114, 2, 1, '120000', '120000', 0),
(167, 115, 171, 1, '45564344', '45564344', 0),
(168, 115, 9, 1, '4500', '4500', 0),
(169, 115, 3, 1, '5400', '5400', 0),
(170, 115, 146, 1, '333', '333', 0),
(171, 115, 154, 1, '444', '444', 0),
(177, 116, 9, 1, '4500', '4500', 0),
(178, 116, 8, 1, '200', '200', 0),
(179, 116, 146, 1, '333', '333', 0),
(180, 116, 17, 1, '3000', '3000', 0),
(183, 117, 9, 1, '4500', '4500', 0),
(184, 117, 8, 1, '200', '200', 0),
(185, 117, 154, 1, '444', '444', 0),
(193, 119, 171, 1, '45564344', '45564344', 0),
(194, 119, 9, 1, '4500', '4500', 0),
(195, 119, 8, 1, '200', '200', 0),
(196, 119, 3, 1, '5400', '5400', 0),
(197, 119, 146, 1, '333', '333', 0),
(198, 121, 171, 1, '45564344', '45564344', 0),
(199, 121, 9, 1, '4500', '4500', 0),
(200, 121, 8, 1, '200', '200', 0),
(203, 122, 171, 1, '45564344', '45564344', 0),
(204, 122, 9, 1, '4500', '4500', 0),
(205, 122, 8, 1, '200', '200', 0),
(211, 124, 9, 1, '4500', '4500', 0),
(212, 124, 3, 1, '5400', '5400', 0),
(213, 124, 146, 1, '333', '333', 0),
(214, 124, 154, 1, '444', '444', 0),
(215, 125, 171, 1, '45564344', '45564344', 0),
(216, 125, 9, 1, '4500', '4500', 0),
(217, 125, 8, 1, '200', '200', 0),
(218, 127, 171, 1, '45564344', '45564344', 0),
(219, 127, 9, 1, '4500', '4500', 0),
(220, 129, 8, 1, '200', '200', 0),
(221, 129, 3, 1, '5400', '5400', 0),
(222, 129, 146, 1, '333', '333', 0),
(235, 130, 171, 1, '45564344', '45564344', 0),
(236, 130, 3, 1, '5400', '5400', 0),
(237, 131, 9, 1, '4500', '4500', 0),
(238, 131, 8, 1, '200', '200', 0),
(239, 131, 3, 1, '5400', '5400', 0),
(250, 133, 21, 1, '1400', '1400', 0),
(251, 133, 171, 1, '45564344', '45564344', 0),
(252, 133, 9, 1, '4500', '4500', 0),
(294, 135, 21, 1, '1400', '1400', 0),
(337, 137, 3, 1, '5400', '5400', 0),
(338, 137, 146, 1, '333', '333', 0),
(339, 137, 154, 1, '444', '444', 0),
(340, 137, 17, 1, '3000', '3000', 0),
(343, 138, 171, 1, '45564344', '45564344', 0),
(344, 138, 9, 1, '4500', '4500', 0),
(345, 138, 8, 1, '200', '200', 0),
(353, 139, 171, 1, '45564344', '45564344', 0),
(357, 141, 171, 1, '45564344', '45564344', 0),
(358, 141, 8, 1, '200', '200', 0),
(364, 142, 21, 1, '1400', '1400', 0),
(365, 142, 9, 1, '4500', '4500', 0),
(366, 143, 171, 1, '45564344', '45564344', 0),
(367, 143, 9, 1, '4500', '4500', 0),
(370, 144, 21, 1, '1400', '1400', 0),
(371, 144, 171, 1, '45564344', '45564344', 0),
(372, 144, 9, 1, '4500', '4500', 0),
(375, 145, 171, 1, '45564344', '45564344', 0),
(376, 145, 9, 1, '4500', '4500', 0),
(377, 145, 8, 1, '200', '200', 0),
(383, 146, 21, 1, '1400', '1400', 0),
(384, 146, 171, 1, '45564344', '45564344', 0),
(385, 146, 9, 1, '4500', '4500', 0),
(386, 146, 8, 1, '200', '200', 0),
(387, 148, 21, 1, '1400', '1400', 0),
(388, 148, 171, 1, '45564344', '45564344', 0),
(389, 148, 9, 1, '4500', '4500', 0),
(390, 150, 171, 1, '45564344', '45564344', 0),
(391, 150, 9, 1, '4500', '4500', 0),
(392, 150, 8, 1, '200', '200', 0),
(395, 151, 21, 1, '1400', '1400', 0),
(396, 151, 171, 1, '45564344', '45564344', 0),
(397, 151, 9, 1, '4500', '4500', 0),
(400, 152, 171, 1, '45564344', '45564344', 0),
(401, 152, 9, 1, '4500', '4500', 0),
(402, 152, 8, 1, '200', '200', 0),
(403, 154, 171, 1, '45564344', '45564344', 0),
(404, 154, 9, 1, '4500', '4500', 0),
(405, 154, 8, 1, '200', '200', 0),
(406, 156, 21, 1, '1400', '1400', 0),
(407, 156, 171, 1, '45564344', '45564344', 0),
(408, 156, 9, 1, '4500', '4500', 0),
(411, 157, 21, 1, '1400', '1400', 0),
(412, 157, 171, 1, '45564344', '45564344', 0),
(413, 157, 9, 1, '4500', '4500', 0),
(414, 159, 171, 1, '45564344', '45564344', 0),
(415, 159, 9, 1, '4500', '4500', 0),
(416, 159, 8, 1, '200', '200', 0),
(428, 160, 21, 4, '1400', '5600', 0),
(429, 160, 171, 6, '45564344', '273386064', 0),
(430, 160, 9, 2, '4500', '9000', 0),
(436, 161, 21, 1, '1400', '1400', 0),
(437, 161, 171, 1, '45564344', '45564344', 0),
(438, 161, 9, 1, '4500', '4500', 0),
(439, 161, 8, 1, '200', '200', 0),
(442, 162, 21, 1, '1400', '1400', 0),
(443, 162, 171, 1, '45564344', '45564344', 0),
(444, 162, 9, 1, '4500', '4500', 0),
(447, 163, 171, 1, '45564344', '45564344', 0),
(448, 163, 9, 1, '4500', '4500', 0),
(449, 163, 8, 1, '200', '200', 0),
(452, 164, 171, 1, '45564344', '45564344', 0),
(453, 164, 9, 1, '4500', '4500', 0),
(454, 164, 8, 1, '200', '200', 0),
(457, 165, 171, 1, '45564344', '45564344', 0),
(458, 165, 9, 1, '4500', '4500', 0),
(459, 165, 8, 1, '200', '200', 0),
(462, 166, 171, 1, '45564344', '45564344', 0),
(463, 166, 9, 1, '4500', '4500', 0),
(464, 166, 8, 1, '200', '200', 0),
(465, 167, 21, 1, '1400', '1400', 0),
(466, 167, 171, 1, '45564344', '45564344', 0),
(467, 167, 9, 1, '4500', '4500', 0),
(468, 170, 171, 1, '45564344', '45564344', 0),
(469, 170, 9, 1, '4500', '4500', 0),
(470, 170, 8, 1, '200', '200', 0),
(473, 171, 171, 1, '45564344', '45564344', 0),
(474, 171, 9, 1, '4500', '4500', 0),
(475, 171, 8, 1, '200', '200', 0),
(476, 173, 21, 1, '1400', '1400', 0),
(477, 173, 171, 1, '45564344', '45564344', 0),
(478, 173, 9, 1, '4500', '4500', 0),
(479, 174, 171, 1, '45564344', '45564344', 0),
(480, 174, 9, 1, '4500', '4500', 0),
(481, 174, 8, 1, '200', '200', 0),
(482, 176, 171, 1, '45564344', '45564344', 0),
(483, 176, 9, 1, '4500', '4500', 0),
(484, 177, 171, 1, '45564344', '45564344', 0),
(485, 177, 9, 1, '4500', '4500', 0),
(486, 177, 8, 1, '200', '200', 0),
(489, 181, 21, 1, '1400', '1400', 0),
(490, 181, 171, 1, '45564344', '45564344', 0),
(491, 181, 9, 1, '4500', '4500', 0),
(492, 182, 171, 1, '45564344', '45564344', 0),
(493, 182, 9, 1, '4500', '4500', 0),
(494, 182, 8, 1, '200', '200', 0),
(497, 184, 171, 1, '45564344', '45564344', 0),
(498, 184, 9, 1, '4500', '4500', 0),
(499, 184, 8, 1, '200', '200', 0),
(502, 185, 171, 1, '45564344', '45564344', 0),
(503, 185, 9, 1, '4500', '4500', 0),
(504, 185, 8, 1, '200', '200', 0),
(505, 186, 171, 1, '45564344', '45564344', 0),
(506, 186, 9, 1, '4500', '4500', 0),
(507, 186, 8, 1, '200', '200', 0),
(510, 188, 171, 1, '45564344', '45564344', 0),
(511, 188, 9, 1, '4500', '4500', 0),
(512, 188, 8, 1, '200', '200', 0),
(525, 192, 9, 1, '4500', '4500', 0),
(526, 192, 8, 1, '200', '200', 0),
(527, 192, 3, 1, '5400', '5400', 0),
(530, 193, 171, 1, '45564344', '45564344', 0),
(531, 193, 9, 1, '4500', '4500', 0),
(532, 193, 8, 1, '200', '200', 0),
(533, 194, 171, 1, '45564344', '45564344', 0),
(534, 194, 9, 1, '4500', '4500', 0),
(535, 194, 8, 1, '200', '200', 0),
(548, 195, 171, 10, '45564344', '455643440', 0),
(549, 195, 9, 3, '4500', '13500', 0),
(550, 195, 8, 100, '200', '20000', 0),
(553, 196, 171, 1, '45564344', '45564344', 0),
(554, 196, 9, 1, '4500', '4500', 0),
(555, 196, 8, 1, '200', '200', 0),
(558, 197, 171, 1, '45564344', '45564344', 0),
(559, 197, 9, 1, '4500', '4500', 0),
(560, 197, 8, 1, '200', '200', 0),
(575, 198, 171, 1, '45564344', '45564344', 0),
(576, 198, 9, 1, '4500', '4500', 0),
(577, 198, 8, 1, '200', '200', 0),
(578, 198, 3, 1, '5400', '5400', 0),
(579, 198, 146, 1, '333', '333', 0),
(580, 198, 154, 1, '444', '444', 0),
(601, 199, 171, 1, '45564344', '45564344', 0),
(602, 199, 9, 1, '4500', '4500', 0),
(603, 199, 8, 1, '200', '200', 0),
(604, 199, 3, 1, '5400', '5400', 0),
(605, 199, 146, 1, '333', '333', 0),
(606, 199, 154, 1, '444', '444', 0),
(607, 199, 17, 1, '3000', '3000', 0),
(652, 200, 21, 1, '1400', '1400', 0),
(653, 200, 171, 1, '45564344', '45564344', 0),
(654, 200, 9, 1, '4500', '4500', 0),
(655, 200, 8, 1, '200', '200', 0),
(656, 200, 3, 1, '5400', '5400', 0),
(657, 200, 146, 1, '333', '333', 0),
(658, 200, 154, 1, '444', '444', 0),
(659, 200, 17, 1, '3000', '3000', 0),
(660, 200, 14, 1, '5200', '5200', 0),
(661, 200, 19, 1, '5000', '5000', 0),
(689, 201, 171, 1, '45564344', '45564344', 0),
(690, 201, 9, 1, '4500', '4500', 0),
(691, 201, 8, 1, '200', '200', 0),
(692, 201, 3, 1, '5400', '5400', 0),
(693, 201, 146, 1, '333', '333', 0),
(694, 201, 154, 1, '444', '444', 0),
(695, 201, 17, 1, '3000', '3000', 0),
(696, 201, 2, 1, '120000', '120000', 0),
(699, 202, 171, 1, '45564344', '45564344', 0),
(700, 202, 9, 1, '4500', '4500', 0),
(701, 202, 8, 1, '200', '200', 0),
(704, 203, 3, 1, '5400', '5400', 0),
(705, 203, 146, 1, '333', '333', 0),
(706, 203, 154, 1, '444', '444', 0),
(709, 204, 9, 1, '4500', '4500', 0),
(710, 204, 8, 1, '200', '200', 0),
(711, 204, 3, 1, '5400', '5400', 0),
(714, 205, 9, 1, '4500', '4500', 0),
(715, 205, 8, 1, '200', '200', 0),
(716, 205, 3, 1, '5400', '5400', 0),
(719, 206, 171, 1, '45564344', '45564344', 0),
(720, 206, 9, 1, '4500', '4500', 0),
(721, 206, 8, 1, '200', '200', 0),
(722, 207, 9, 1, '4500', '4500', 0),
(723, 207, 8, 1, '200', '200', 0),
(726, 208, 171, 1, '45564344', '45564344', 0),
(727, 208, 9, 1, '4500', '4500', 0),
(728, 208, 8, 1, '200', '200', 0),
(731, 209, 8, 1, '200', '200', 0),
(732, 209, 3, 1, '5400', '5400', 0),
(733, 209, 146, 1, '333', '333', 0),
(734, 210, 171, 1, '45564344', '45564344', 0),
(735, 210, 9, 1, '4500', '4500', 0),
(736, 210, 8, 1, '200', '200', 0),
(739, 212, 8, 1, '200', '200', 0),
(740, 212, 3, 1, '5400', '5400', 0),
(741, 212, 146, 1, '333', '333', 0),
(742, 214, 171, 1, '45564344', '45564344', 0),
(743, 214, 9, 1, '4500', '4500', 0),
(744, 214, 8, 1, '200', '200', 0),
(747, 215, 3, 1, '5400', '5400', 0),
(748, 215, 146, 1, '333', '333', 0),
(749, 215, 154, 1, '444', '444', 0),
(750, 216, 8, 1, '200', '200', 0),
(751, 216, 3, 1, '5400', '5400', 0),
(752, 216, 154, 1, '444', '444', 0),
(762, 218, 21, 1, '1400', '1400', 0),
(763, 218, 171, 1, '45564344', '45564344', 0),
(764, 218, 9, 1, '4500', '4500', 0),
(765, 218, 8, 1, '200', '200', 0),
(766, 218, 3, 1, '5400', '5400', 0),
(776, 219, 9, 1, '4500', '4500', 0),
(777, 219, 8, 1, '200', '200', 0),
(778, 219, 3, 1, '5400', '5400', 0),
(779, 219, 146, 1, '333', '333', 0),
(780, 219, 154, 1, '444', '444', 0),
(835, 220, 21, 1, '1400', '1400', 0),
(836, 220, 171, 1, '45564344', '45564344', 0),
(837, 220, 9, 1, '4500', '4500', 0),
(838, 220, 8, 1, '200', '200', 0),
(839, 220, 3, 1, '5400', '5400', 0),
(840, 220, 146, 1, '333', '333', 0),
(841, 220, 154, 1, '444', '444', 0),
(842, 220, 17, 1, '3000', '3000', 0),
(843, 220, 2, 1, '120000', '120000', 0),
(844, 220, 14, 1, '5200', '5200', 0),
(845, 220, 19, 1, '5000', '5000', 0),
(947, 221, 6, 1, '1500', '1500', 0),
(948, 221, 145, 1, '2222222', '2222222', 0),
(949, 221, 171, 1, '45564344', '45564344', 0),
(950, 221, 5, 1, '180000000', '180000000', 0),
(951, 221, 9, 1, '4500', '4500', 0),
(952, 221, 8, 1, '200', '200', 0),
(953, 221, 3, 1, '5400', '5400', 0),
(954, 221, 146, 1, '333', '333', 0),
(955, 221, 154, 1, '444', '444', 0),
(956, 221, 17, 1, '3000', '3000', 0),
(957, 221, 2, 1, '120000', '120000', 0),
(958, 221, 14, 1, '5200', '5200', 0),
(959, 221, 19, 1, '5000', '5000', 0),
(960, 221, 172, 1, '20000', '20000', 0),
(961, 221, 6, 1, '1500', '1500', 0),
(962, 221, 20, 1, '2000', '2000', 0),
(963, 221, 145, 1, '2222222', '2222222', 0),
(964, 221, 5, 1, '180000000', '180000000', 0),
(974, 222, 9, 1, '4500', '4500', 0),
(975, 222, 8, 1, '200', '200', 0),
(976, 222, 3, 1, '5400', '5400', 0),
(977, 222, 154, 1, '444', '444', 0),
(998, 223, 171, 1, '45564344', '45564344', 0),
(999, 223, 9, 1, '4500', '4500', 0),
(1000, 223, 8, 1, '200', '200', 0),
(1001, 223, 146, 1, '333', '333', 0),
(1002, 223, 17, 1, '3000', '3000', 0),
(1003, 223, 2, 1, '120000', '120000', 0),
(1004, 223, 14, 1, '5200', '5200', 0),
(1089, 224, 21, 1, '1400', '1400', 0),
(1090, 224, 171, 1, '45564344', '45564344', 0),
(1091, 224, 9, 1, '4500', '4500', 0),
(1092, 224, 8, 1, '200', '200', 0),
(1093, 224, 14, 1, '5200', '5200', 0),
(1099, 225, 17, 1, '3000', '3000', 0),
(1100, 225, 2, 1, '120000', '120000', 0),
(1101, 225, 14, 1, '5200', '5200', 0),
(1102, 225, 19, 1, '5000', '5000', 0),
(1108, 226, 3, 1, '5400', '5400', 0),
(1109, 226, 146, 1, '333', '333', 0),
(1110, 226, 17, 1, '3000', '3000', 0),
(1111, 226, 2, 1, '120000', '120000', 0),
(1121, 227, 146, 1, '333', '333', 0),
(1122, 227, 154, 1, '444', '444', 0),
(1123, 227, 17, 1, '3000', '3000', 0),
(1124, 227, 2, 1, '120000', '120000', 0),
(1125, 227, 14, 1, '5200', '5200', 0),
(1126, 228, 154, 1, '444', '444', 0),
(1127, 228, 17, 1, '3000', '3000', 0),
(1137, 229, 3, 1, '5400', '5400', 0),
(1138, 229, 146, 1, '333', '333', 0),
(1139, 229, 154, 1, '444', '444', 0),
(1140, 229, 2, 1, '120000', '120000', 0),
(1141, 229, 19, 1, '5000', '5000', 0),
(1242, 230, 19, 1, '5000', '5000', 0),
(1243, 230, 7, 1, '20000', '20000', 0),
(1244, 230, 21, 89, '1400', '124600', 0),
(1245, 230, 172, 1, '20000', '20000', 0),
(1246, 230, 146, 1, '333', '333', 0),
(1247, 230, 147, 1, '2147483647', '2147483647', 0),
(1248, 230, 154, 1, '444', '444', 0),
(1249, 230, 155, 1, '444', '444', 0),
(1250, 230, 17, 1, '3000', '3000', 0),
(1251, 230, 20, 1, '2000', '2000', 0),
(1252, 230, 2, 1, '120000', '120000', 0),
(1253, 230, 14, 1, '5200', '5200', 0),
(1254, 230, 19, 1, '5000', '5000', 0),
(1255, 230, 7, 1, '20000', '20000', 0),
(1256, 230, 172, 1, '20000', '20000', 0),
(1257, 230, 147, 1, '2147483647', '2147483647', 0),
(1258, 230, 155, 1, '444', '444', 0),
(1259, 230, 20, 1, '2000', '2000', 0),
(1262, 231, 21, 1, '1400', '1400', 0),
(1263, 231, 171, 1, '45564344', '45564344', 0),
(1264, 231, 9, 1, '4500', '4500', 0),
(1300, 232, 21, 1, '1400', '1400', 0),
(1301, 232, 171, 1, '45564344', '45564344', 0),
(1302, 232, 9, 1, '4500', '4500', 0),
(1303, 232, 8, 1, '200', '200', 0),
(1304, 232, 3, 1, '5400', '5400', 0),
(1305, 232, 146, 1, '333', '333', 0),
(1306, 232, 154, 1, '444', '444', 0),
(1307, 232, 17, 1, '3000', '3000', 0),
(1308, 232, 2, 1, '120000', '120000', 0),
(1363, 233, 171, 1, '45564344', '45564344', 0),
(1364, 233, 9, 1, '4500', '4500', 0),
(1365, 233, 8, 1, '200', '200', 0),
(1366, 233, 3, 1, '5400', '5400', 0),
(1367, 233, 146, 1, '333', '333', 0),
(1368, 233, 154, 1, '444', '444', 0),
(1369, 233, 17, 1, '3000', '3000', 0),
(1370, 233, 2, 1, '120000', '120000', 0),
(1371, 233, 14, 1, '5200', '5200', 0),
(1372, 233, 19, 1, '5000', '5000', 0),
(1373, 233, 7, 1, '20000', '20000', 0),
(1401, 234, 171, 1, '45564344', '45564344', 0),
(1402, 234, 9, 1, '4500', '4500', 0),
(1403, 234, 8, 1, '200', '200', 0),
(1404, 234, 3, 1, '5400', '5400', 0),
(1405, 234, 146, 1, '333', '333', 0),
(1406, 234, 154, 1, '444', '444', 0),
(1407, 234, 17, 1, '3000', '3000', 0),
(1408, 234, 2, 1, '120000', '120000', 0),
(1418, 235, 9, 1, '4500', '4500', 0),
(1419, 235, 8, 1, '200', '200', 0),
(1420, 235, 3, 1, '5400', '5400', 0),
(1421, 235, 146, 1, '333', '333', 0),
(1422, 235, 154, 1, '444', '444', 0),
(1464, 236, 172, 1, '20000', '20000', 0),
(1465, 236, 21, 1, '1400', '1400', 0),
(1466, 236, 139, 1, '4900', '4900', 0),
(1467, 236, 171, 1, '45564344', '45564344', 0),
(1468, 236, 140, 1, '4900', '4900', 0),
(1469, 236, 9, 1, '4500', '4500', 0),
(1470, 236, 8, 1, '200', '200', 0),
(1471, 236, 14, 1, '5200', '5200', 0),
(1472, 236, 19, 1, '5000', '5000', 0),
(1473, 236, 172, 1, '20000', '20000', 0),
(1474, 236, 139, 1, '4900', '4900', 0),
(1475, 236, 140, 1, '4900', '4900', 0),
(1476, 236, 143, 1, '4900', '4900', 0),
(1529, 237, 165, 1, '2147483647', '2147483647', 0),
(1530, 237, 9, 1, '4500', '4500', 0),
(1531, 237, 162, 1, '2147483647', '2147483647', 0),
(1532, 237, 146, 1, '333', '333', 0),
(1533, 237, 154, 1, '444', '444', 0),
(1534, 237, 17, 1, '3000', '3000', 0),
(1535, 237, 2, 1, '120000', '120000', 0),
(1536, 237, 141, 1, '4900', '4900', 0),
(1537, 237, 150, 1, '2147483647', '2147483647', 0),
(1538, 237, 149, 1, '2147483647', '2147483647', 0),
(1539, 237, 159, 1, '444444', '444444', 0),
(1540, 237, 165, 1, '2147483647', '2147483647', 0),
(1541, 237, 162, 1, '2147483647', '2147483647', 0),
(1551, 238, 21, 1, '1400', '1400', 0),
(1552, 238, 9, 1, '4500', '4500', 0),
(1553, 238, 8, 1, '200', '200', 0),
(1554, 238, 3, 1, '5400', '5400', 0),
(1555, 238, 146, 1, '333', '333', 0),
(1561, 239, 171, 1, '45564344', '45564344', 0),
(1562, 239, 9, 1, '4500', '4500', 0),
(1563, 239, 8, 1, '200', '200', 0),
(1564, 239, 3, 1, '5400', '5400', 0),
(1574, 240, 21, 1, '1400', '1400', 0),
(1575, 240, 171, 1, '45564344', '45564344', 0),
(1576, 240, 9, 1, '4500', '4500', 0),
(1577, 240, 8, 1, '200', '200', 0),
(1578, 240, 3, 1, '5400', '5400', 0),
(1581, 241, 21, 1, '1400', '1400', 0),
(1582, 241, 171, 1, '45564344', '45564344', 0),
(1583, 241, 9, 1, '4500', '4500', 0),
(1589, 242, 21, 1, '1400', '1400', 0),
(1590, 242, 171, 1, '45564344', '45564344', 0),
(1591, 242, 9, 1, '4500', '4500', 0),
(1592, 242, 8, 1, '200', '200', 0),
(1602, 243, 171, 1, '45564344', '45564344', 0),
(1603, 243, 9, 1, '4500', '4500', 0),
(1604, 243, 8, 1, '200', '200', 0),
(1605, 243, 3, 1, '5400', '5400', 0),
(1606, 243, 146, 1, '333', '333', 0),
(1616, 244, 171, 1, '45564344', '45564344', 0),
(1617, 244, 9, 1, '4500', '4500', 0),
(1618, 244, 8, 1, '200', '200', 0),
(1619, 244, 3, 1, '5400', '5400', 0),
(1620, 244, 146, 1, '333', '333', 0),
(1641, 245, 21, 1, '1400', '1400', 0),
(1642, 245, 171, 1, '45564344', '45564344', 0),
(1643, 245, 9, 1, '4500', '4500', 0),
(1644, 245, 8, 1, '200', '200', 0),
(1645, 245, 3, 1, '5400', '5400', 0),
(1646, 245, 154, 1, '444', '444', 0),
(1647, 245, 17, 1, '3000', '3000', 0),
(1655, 246, 21, 1, '1400', '1400', 0),
(1656, 246, 9, 1, '4500', '4500', 0),
(1657, 246, 3, 1, '5400', '5400', 0),
(1672, 247, 171, 1, '45564344', '45564344', 0),
(1673, 247, 9, 1, '4500', '4500', 0),
(1674, 247, 8, 1, '200', '200', 0),
(1675, 247, 146, 1, '333', '333', 0),
(1676, 247, 154, 1, '444', '444', 0),
(1677, 247, 17, 1, '3000', '3000', 0),
(1680, 248, 3, 1, '5400', '5400', 0),
(1681, 248, 146, 1, '333', '333', 0),
(1682, 248, 154, 1, '444', '444', 0),
(1683, 249, 146, 1, '333', '333', 0),
(1684, 249, 154, 1, '444', '444', 0),
(1687, 250, 146, 1, '333', '333', 0),
(1688, 250, 154, 1, '444', '444', 0),
(1689, 250, 17, 1, '3000', '3000', 0),
(1692, 251, 17, 1, '3000', '3000', 0),
(1693, 251, 2, 1, '120000', '120000', 0),
(1694, 251, 14, 1, '5200', '5200', 0),
(1700, 252, 3, 1, '5400', '5400', 0),
(1701, 252, 146, 1, '333', '333', 0),
(1702, 252, 154, 1, '444', '444', 0),
(1703, 252, 2, 1, '120000', '120000', 0),
(1704, 253, 3, 1, '5400', '5400', 0),
(1705, 253, 146, 1, '333', '333', 0),
(1706, 255, 171, 1, '45564344', '45564344', 0),
(1707, 255, 9, 1, '4500', '4500', 0),
(1708, 255, 8, 1, '200', '200', 0),
(1741, 257, 148, 1, '2147483647', '2147483647', 0),
(1742, 257, 161, 1, '2147483647', '2147483647', 0),
(1752, 258, 150, 1, '2147483647', '2147483647', 0),
(1753, 258, 158, 1, '2147483647', '2147483647', 0),
(1754, 258, 161, 1, '2147483647', '2147483647', 0),
(1755, 258, 162, 1, '2147483647', '2147483647', 0),
(1756, 258, 165, 1, '2147483647', '2147483647', 0),
(2319, 259, 149, 1, '2147483647', '2147483647', 0),
(2320, 259, 141, 1, '4900', '4900', 0),
(2321, 259, 10, 1, '23546', '23546', 0),
(2322, 259, 168, 1, '2147483647', '2147483647', 0),
(2323, 259, 150, 1, '2147483647', '2147483647', 0),
(2324, 259, 142, 1, '4900', '4900', 0),
(2325, 259, 167, 1, '45633333', '45633333', 0),
(2326, 259, 143, 1, '4900', '4900', 0),
(2327, 259, 158, 1, '2147483647', '2147483647', 0),
(2328, 259, 169, 1, '4556434', '4556434', 0),
(2329, 259, 151, 1, '444', '444', 0),
(2330, 259, 144, 1, '49003', '49003', 0),
(2331, 259, 152, 1, '444', '444', 0),
(2332, 259, 162, 1, '2147483647', '2147483647', 0),
(2333, 259, 15, 1, '13490031', '13490031', 0),
(2334, 259, 153, 1, '444', '444', 0),
(2335, 259, 161, 1, '2147483647', '2147483647', 0),
(2336, 259, 173, 1, '22231434', '22231434', 0),
(2337, 259, 139, 1, '4900', '4900', 0),
(2338, 259, 163, 1, '2147483647', '2147483647', 0),
(2339, 259, 11, 1, '1000', '1000', 0),
(2340, 259, 140, 1, '4900', '4900', 0),
(2341, 259, 165, 1, '2147483647', '2147483647', 0),
(2342, 259, 4, 1, '38000', '38000', 0),
(2343, 259, 141, 1, '4900', '4900', 0),
(2344, 259, 164, 1, '2147483647', '2147483647', 0),
(2345, 259, 156, 1, '444', '444', 0),
(2346, 259, 160, 1, '2147483647', '2147483647', 0),
(2347, 259, 142, 1, '4900', '4900', 0),
(2348, 259, 10, 1, '23546', '23546', 0),
(2349, 259, 143, 1, '4900', '4900', 0),
(2350, 259, 148, 1, '2147483647', '2147483647', 0),
(2351, 259, 13, 1, '4000', '4000', 0),
(2352, 259, 170, 1, '4444', '4444', 0),
(2353, 259, 144, 1, '49003', '49003', 0),
(2354, 259, 15, 1, '13490031', '13490031', 0),
(2355, 259, 157, 1, '444444', '444444', 0),
(2356, 259, 173, 1, '22231434', '22231434', 0),
(2357, 259, 159, 1, '444444', '444444', 0),
(2358, 259, 11, 1, '1000', '1000', 0),
(2359, 259, 166, 1, '456', '456', 0),
(2360, 259, 4, 1, '38000', '38000', 0),
(2361, 259, 149, 1, '2147483647', '2147483647', 0),
(2362, 259, 150, 1, '2147483647', '2147483647', 0),
(2363, 259, 156, 1, '444', '444', 0),
(2364, 259, 158, 1, '2147483647', '2147483647', 0),
(2365, 259, 10, 1, '23546', '23546', 0),
(2366, 259, 151, 1, '444', '444', 0),
(2367, 259, 13, 1, '4000', '4000', 0),
(2368, 259, 152, 1, '444', '444', 0),
(2369, 259, 16, 1, '200', '200', 0),
(2370, 259, 153, 1, '444', '444', 0),
(2371, 259, 139, 1, '4900', '4900', 0),
(2372, 259, 140, 1, '4900', '4900', 0),
(2373, 259, 141, 1, '4900', '4900', 0),
(2374, 259, 142, 1, '4900', '4900', 0),
(2375, 259, 143, 1, '4900', '4900', 0),
(2376, 259, 144, 1, '49003', '49003', 0),
(2377, 259, 15, 1, '13490031', '13490031', 0),
(2378, 259, 173, 1, '22231434', '22231434', 0),
(2379, 259, 11, 1, '1000', '1000', 0),
(2380, 259, 4, 1, '38000', '38000', 0),
(2381, 259, 156, 1, '444', '444', 0),
(2382, 259, 10, 1, '23546', '23546', 0),
(2383, 259, 13, 1, '4000', '4000', 0),
(2384, 259, 16, 1, '200', '200', 0),
(2385, 259, 1, 1, '4000', '4000', 0),
(2421, 260, 168, 1, '2147483647', '2147483647', 0),
(2422, 260, 167, 1, '45633333', '45633333', 0),
(2423, 260, 169, 1, '4556434', '4556434', 0),
(2424, 260, 162, 1, '2147483647', '2147483647', 0),
(2425, 260, 161, 1, '2147483647', '2147483647', 0),
(2426, 260, 165, 1, '2147483647', '2147483647', 0),
(2427, 260, 164, 1, '2147483647', '2147483647', 0),
(2428, 260, 148, 1, '2147483647', '2147483647', 0),
(2429, 260, 170, 1, '4444', '4444', 0),
(2683, 261, 164, 1, '2147483647', '2147483647', 0),
(2684, 261, 158, 1, '2147483647', '2147483647', 0),
(2685, 261, 168, 1, '2147483647', '2147483647', 0),
(2686, 261, 160, 1, '2147483647', '2147483647', 0),
(2687, 261, 151, 1, '444', '444', 0),
(2688, 261, 167, 1, '45633333', '45633333', 0),
(2689, 261, 148, 1, '2147483647', '2147483647', 0),
(2690, 261, 152, 1, '444', '444', 0),
(2691, 261, 169, 1, '4556434', '4556434', 0),
(2692, 261, 170, 1, '4444', '4444', 0),
(2693, 261, 162, 1, '2147483647', '2147483647', 0),
(2694, 261, 153, 1, '444', '444', 0),
(2695, 261, 157, 1, '444444', '444444', 0),
(2696, 261, 139, 1, '4900', '4900', 0),
(2697, 261, 159, 1, '444444', '444444', 0),
(2698, 261, 161, 1, '2147483647', '2147483647', 0),
(2699, 261, 140, 1, '4900', '4900', 0),
(2700, 261, 163, 1, '2147483647', '2147483647', 0),
(2701, 261, 166, 1, '456', '456', 0),
(2702, 261, 165, 1, '2147483647', '2147483647', 0),
(2703, 261, 149, 1, '2147483647', '2147483647', 0),
(2704, 261, 164, 1, '2147483647', '2147483647', 0),
(2705, 261, 150, 1, '2147483647', '2147483647', 0),
(2706, 261, 160, 1, '2147483647', '2147483647', 0),
(2707, 261, 158, 1, '2147483647', '2147483647', 0),
(2708, 261, 148, 1, '2147483647', '2147483647', 0),
(2709, 261, 151, 1, '444', '444', 0),
(2710, 261, 170, 1, '4444', '4444', 0),
(2711, 261, 152, 1, '444', '444', 0),
(2712, 261, 157, 1, '444444', '444444', 0),
(2713, 261, 153, 1, '444', '444', 0),
(2714, 261, 159, 1, '444444', '444444', 0),
(2715, 261, 139, 1, '4900', '4900', 0),
(2716, 261, 166, 1, '456', '456', 0),
(2717, 261, 140, 1, '4900', '4900', 0),
(2718, 261, 149, 1, '2147483647', '2147483647', 0),
(2719, 261, 143, 1, '4900', '4900', 0),
(2720, 261, 150, 1, '2147483647', '2147483647', 0),
(2721, 261, 158, 1, '2147483647', '2147483647', 0),
(2722, 261, 151, 1, '444', '444', 0),
(2723, 261, 152, 1, '444', '444', 0),
(2724, 261, 153, 1, '444', '444', 0),
(2725, 261, 139, 1, '4900', '4900', 0),
(2726, 261, 140, 1, '4900', '4900', 0),
(2727, 261, 143, 1, '4900', '4900', 0),
(2728, 261, 144, 1, '49003', '49003', 0),
(3013, 262, 157, 1, '444444', '444444', 0),
(3014, 262, 149, 1, '2147483647', '2147483647', 0),
(3015, 262, 144, 1, '49003', '49003', 0),
(3016, 262, 157, 1, '444444', '444444', 0),
(3017, 262, 150, 1, '2147483647', '2147483647', 0),
(3018, 262, 159, 1, '444444', '444444', 0),
(3019, 262, 15, 1, '13490031', '13490031', 0),
(3020, 262, 159, 1, '444444', '444444', 0),
(3021, 262, 173, 45, '22231434', '1000414530', 0),
(3022, 262, 149, 1, '2147483647', '2147483647', 0),
(3023, 262, 158, 1, '2147483647', '2147483647', 0),
(3024, 262, 149, 1, '2147483647', '2147483647', 0),
(3025, 262, 150, 1, '2147483647', '2147483647', 0),
(3026, 262, 11, 23, '1000', '23000', 0),
(3027, 262, 151, 1, '444', '444', 0),
(3028, 262, 150, 1, '2147483647', '2147483647', 0),
(3029, 262, 158, 1, '2147483647', '2147483647', 0),
(3030, 262, 156, 1, '444', '444', 0),
(3031, 262, 152, 1, '444', '444', 0),
(3032, 262, 158, 1, '2147483647', '2147483647', 0),
(3033, 262, 153, 1, '444', '444', 0),
(3034, 262, 10, 1, '23546', '23546', 0),
(3035, 262, 151, 1, '444', '444', 0),
(3036, 262, 151, 1, '444', '444', 0),
(3037, 262, 139, 1, '4900', '4900', 0),
(3038, 262, 152, 1, '444', '444', 0),
(3039, 262, 18, 1, '800', '800', 0),
(3040, 262, 152, 1, '444', '444', 0),
(3041, 262, 153, 1, '444', '444', 0),
(3042, 262, 140, 1, '4900', '4900', 0),
(3043, 262, 153, 1, '444', '444', 0),
(3044, 262, 139, 1, '4900', '4900', 0),
(3045, 262, 141, 1, '4900', '4900', 0),
(3046, 262, 139, 1, '4900', '4900', 0),
(3047, 262, 140, 1, '4900', '4900', 0),
(3048, 262, 142, 1, '4900', '4900', 0),
(3049, 262, 140, 1, '4900', '4900', 0),
(3050, 262, 141, 1, '4900', '4900', 0),
(3051, 262, 143, 1, '4900', '4900', 0),
(3052, 262, 141, 1, '4900', '4900', 0),
(3053, 262, 142, 1, '4900', '4900', 0),
(3054, 262, 144, 1, '49003', '49003', 0),
(3055, 262, 142, 1, '4900', '4900', 0),
(3056, 262, 15, 1, '13490031', '13490031', 0),
(3057, 262, 143, 1, '4900', '4900', 0),
(3058, 262, 143, 1, '4900', '4900', 0),
(3059, 262, 173, 1, '22231434', '22231434', 0),
(3060, 262, 144, 1, '49003', '49003', 0),
(3061, 262, 144, 1, '49003', '49003', 0),
(3062, 262, 15, 1, '13490031', '13490031', 0),
(3063, 262, 11, 23, '1000', '23000', 0),
(3064, 262, 15, 1, '13490031', '13490031', 0),
(3065, 262, 173, 10, '22231434', '222314340', 0),
(3066, 262, 156, 1, '444', '444', 0),
(3067, 262, 173, 100, '22231434', '2223143400', 0),
(3068, 262, 11, 23, '1000', '23000', 0),
(3069, 262, 10, 1, '23546', '23546', 0),
(3070, 262, 11, 23, '1000', '23000', 0),
(3071, 262, 18, 1, '800', '800', 0),
(3072, 262, 156, 1, '444', '444', 0),
(3073, 262, 156, 1, '444', '444', 0),
(3074, 262, 10, 1, '23546', '23546', 0),
(3075, 262, 10, 1, '23546', '23546', 0),
(3076, 262, 18, 1, '800', '800', 0),
(3077, 262, 18, 1, '800', '800', 0),
(3102, 263, 169, 1, '4556434', '4556434', 0),
(3103, 263, 162, 1, '2147483647', '2147483647', 0),
(3104, 263, 161, 1, '2147483647', '2147483647', 0),
(3110, 264, 167, 1, '45633333', '45633333', 0),
(3111, 264, 169, 1, '4556434', '4556434', 0),
(3112, 264, 162, 1, '2147483647', '2147483647', 0),
(3118, 265, 169, 1, '4556434', '4556434', 0),
(3119, 265, 162, 1, '2147483647', '2147483647', 0),
(3120, 265, 161, 1, '2147483647', '2147483647', 0),
(3121, 265, 163, 1, '2147483647', '2147483647', 0),
(3124, 267, 7, 3, '20000', '60000', 0),
(3139, 268, 168, 1, '2147483647', '2147483647', 0),
(3140, 268, 167, 1, '45633333', '45633333', 0),
(3141, 268, 169, 10, '4556434', '45564340', 0),
(3148, 269, 168, 1, '2147483647', '2147483647', 0),
(3149, 269, 167, 33, '45633333', '1505899989', 0),
(3167, 270, 168, 1, '2147483647', '2147483647', 0),
(3168, 270, 167, 1, '45633333', '45633333', 0),
(3169, 270, 169, 1223, '4556434', '5572518782', 0),
(3172, 271, 167, 1245, '45633333', '9999999999', 0),
(3188, 273, 171, 2, '45564344', '91128688', 0),
(3189, 274, 171, 2, '45564344', '91128688', 0),
(3191, 275, 168, 3, '2147483647', '6442450941', 0),
(3192, 275, 171, 1, '45564344', '45564344', 0),
(3195, 277, 171, 1, '45564344', '45564344', 0),
(3206, 278, 169, 1, '4556434', '4556434', 0),
(3207, 278, 162, 1, '2147483647', '2147483647', 0),
(3208, 278, 161, 1, '2147483647', '2147483647', 0),
(3209, 278, 163, 1, '2147483647', '2147483647', 0),
(3210, 278, 171, 2, '45564344', '91128688', 0),
(3257, 279, 168, 0, '2147483647', '0', 0),
(3258, 279, 170, 2147483647, '4444', '9999999999', 0),
(3286, 280, 166, 0, '456', '0', 0),
(3293, 281, 166, 8888, '456', '4052928', 0),
(3295, 282, 166, 88, '456', '40128', 0),
(3343, 283, 164, 1, '2147483647', '2147483647', 0),
(3344, 283, 160, 1, '2147483647', '2147483647', 0),
(3345, 283, 166, 8888, '456', '4052928', 0),
(3346, 283, 11, 0, '1000', '0', 0),
(3357, 284, 171, 1, '45564344', '45564344', 0),
(3358, 285, 171, 0, '45564344', '0', 0),
(3360, 286, 171, 2, '45564344', '91128688', 0),
(3361, 287, 171, 1, '45564344', '45564344', 0),
(3364, 288, 171, 0, '45564344', '0', 0),
(3389, 290, 163, 0, '2147483647', '0', 0),
(3390, 290, 18, 0, '800', '0', 0),
(3391, 290, 171, 0, '45564344', '0', 0),
(3392, 291, 18, 1, '800', '800', 0),
(3393, 291, 7, 1, '20000', '20000', 0),
(3405, 294, 167, 1, '45633333', '45633333', 0),
(3406, 294, 162, 1, '2147483647', '2147483647', 0),
(3407, 294, 163, 1, '2147483647', '2147483647', 0),
(3408, 294, 165, 1, '2147483647', '2147483647', 0),
(3409, 294, 164, 1, '2147483647', '2147483647', 0),
(3419, 295, 167, 1, '45633333', '45633333', 0),
(3420, 295, 162, 1, '2147483647', '2147483647', 0),
(3421, 295, 161, 1, '2147483647', '2147483647', 0),
(3422, 295, 163, 1, '2147483647', '2147483647', 0),
(3423, 295, 164, 1, '2147483647', '2147483647', 0),
(3426, 296, 167, 1, '45633333', '45633333', 0),
(3427, 296, 169, 1, '4556434', '4556434', 0),
(3428, 296, 161, 1, '2147483647', '2147483647', 0),
(3434, 297, 169, 1, '4556434', '4556434', 0),
(3435, 297, 162, 1, '2147483647', '2147483647', 0),
(3436, 297, 161, 1, '2147483647', '2147483647', 0),
(3437, 297, 165, 1, '2147483647', '2147483647', 0),
(3443, 298, 167, 1, '45633333', '45633333', 0),
(3444, 298, 169, 1, '4556434', '4556434', 0),
(3445, 298, 162, 1, '2147483647', '2147483647', 0),
(3446, 298, 163, 1, '2147483647', '2147483647', 0),
(3447, 299, 168, 1, '2147483647', '2147483647', 0),
(3448, 299, 167, 1, '45633333', '45633333', 0),
(3449, 300, 167, 1, '45633333', '45633333', 0),
(3450, 300, 169, 1, '4556434', '4556434', 0),
(3453, 301, 167, 1, '45633333', '45633333', 0),
(3454, 301, 169, 1, '4556434', '4556434', 0),
(3455, 301, 162, 1, '2147483647', '2147483647', 0),
(3456, 302, 167, 1, '45633333', '45633333', 0),
(3457, 302, 169, 1, '4556434', '4556434', 0),
(3460, 303, 168, 1, '2147483647', '2147483647', 0),
(3461, 303, 167, 1, '45633333', '45633333', 0),
(3462, 303, 169, 1, '4556434', '4556434', 0),
(3468, 304, 167, 1, '45633333', '45633333', 0),
(3469, 304, 169, 1, '4556434', '4556434', 0),
(3470, 304, 161, 1, '2147483647', '2147483647', 0),
(3471, 304, 164, 1, '2147483647', '2147483647', 0),
(3477, 305, 168, 1, '2147483647', '2147483647', 0),
(3478, 305, 167, 1, '45633333', '45633333', 0),
(3479, 305, 169, 1, '4556434', '4556434', 0),
(3480, 305, 161, 1, '2147483647', '2147483647', 0),
(3483, 306, 168, 1, '2147483647', '2147483647', 0),
(3484, 306, 167, 1, '45633333', '45633333', 0),
(3485, 306, 163, 1, '2147483647', '2147483647', 0),
(3486, 307, 167, 1, '45633333', '45633333', 0),
(3487, 307, 169, 1, '4556434', '4556434', 0),
(3488, 308, 168, 1, '2147483647', '2147483647', 0),
(3489, 308, 167, 1, '45633333', '45633333', 0),
(3490, 309, 167, 1, '45633333', '45633333', 0),
(3491, 309, 169, 1, '4556434', '4556434', 0),
(3497, 310, 169, 1, '4556434', '4556434', 0),
(3498, 310, 162, 1, '2147483647', '2147483647', 0),
(3499, 310, 160, 1, '2147483647', '2147483647', 0),
(3500, 310, 170, 1, '4444', '4444', 0),
(3620, 311, 152, 1, '444', '444', 0),
(3621, 311, 139, 1, '4900', '4900', 0),
(3622, 311, 169, 1, '4556434', '4556434', 0),
(3623, 311, 142, 1, '4900', '4900', 0),
(3624, 311, 162, 1, '2147483647', '2147483647', 0),
(3625, 311, 144, 1, '49003', '49003', 0),
(3626, 311, 161, 1, '2147483647', '2147483647', 0),
(3627, 311, 15, 1, '13490031', '13490031', 0),
(3628, 311, 163, 1, '2147483647', '2147483647', 0),
(3629, 311, 11, 1, '1000', '1000', 0),
(3630, 311, 165, 1, '2147483647', '2147483647', 0),
(3631, 311, 4, 1, '38000', '38000', 0),
(3632, 311, 160, 1, '2147483647', '2147483647', 0),
(3633, 311, 148, 1, '2147483647', '2147483647', 0),
(3634, 311, 157, 1, '444444', '444444', 0),
(3635, 311, 152, 1, '444', '444', 0),
(3636, 311, 139, 1, '4900', '4900', 0),
(3637, 311, 142, 1, '4900', '4900', 0),
(3638, 311, 144, 1, '49003', '49003', 0),
(3639, 311, 15, 1, '13490031', '13490031', 0),
(3640, 311, 11, 1, '1000', '1000', 0),
(3641, 311, 4, 1, '38000', '38000', 0),
(3642, 311, 156, 1, '444', '444', 0);

--
-- Índices para tablas volcadas
--

--
-- Indices de la tabla `borradores_venta`
--
ALTER TABLE `borradores_venta`
  ADD PRIMARY KEY (`id`),
  ADD UNIQUE KEY `venta` (`venta`);

--
-- Indices de la tabla `clientes`
--
ALTER TABLE `clientes`
  ADD PRIMARY KEY (`id`);

--
-- Indices de la tabla `configuracion`
--
ALTER TABLE `configuracion`
  ADD PRIMARY KEY (`id`);

--
-- Indices de la tabla `inventario`
--
ALTER TABLE `inventario`
  ADD PRIMARY KEY (`id`);

--
-- Indices de la tabla `inventario_categorias`
--
ALTER TABLE `inventario_categorias`
  ADD PRIMARY KEY (`id`),
  ADD UNIQUE KEY `id` (`id`);

--
-- Indices de la tabla `iva`
--
ALTER TABLE `iva`
  ADD PRIMARY KEY (`id`);

--
-- Indices de la tabla `tipo_pago`
--
ALTER TABLE `tipo_pago`
  ADD PRIMARY KEY (`id`);

--
-- Indices de la tabla `unidades`
--
ALTER TABLE `unidades`
  ADD PRIMARY KEY (`id`);

--
-- Indices de la tabla `ventas`
--
ALTER TABLE `ventas`
  ADD PRIMARY KEY (`id`);

--
-- Indices de la tabla `ventaxelemento`
--
ALTER TABLE `ventaxelemento`
  ADD PRIMARY KEY (`id`),
  ADD UNIQUE KEY `id` (`id`);

--
-- AUTO_INCREMENT de las tablas volcadas
--

--
-- AUTO_INCREMENT de la tabla `borradores_venta`
--
ALTER TABLE `borradores_venta`
  MODIFY `id` int(11) NOT NULL AUTO_INCREMENT,AUTO_INCREMENT=213;
--
-- AUTO_INCREMENT de la tabla `clientes`
--
ALTER TABLE `clientes`
  MODIFY `id` int(11) NOT NULL AUTO_INCREMENT,AUTO_INCREMENT=146;
--
-- AUTO_INCREMENT de la tabla `configuracion`
--
ALTER TABLE `configuracion`
  MODIFY `id` int(11) NOT NULL AUTO_INCREMENT,AUTO_INCREMENT=10;
--
-- AUTO_INCREMENT de la tabla `inventario`
--
ALTER TABLE `inventario`
  MODIFY `id` int(11) NOT NULL AUTO_INCREMENT,AUTO_INCREMENT=174;
--
-- AUTO_INCREMENT de la tabla `inventario_categorias`
--
ALTER TABLE `inventario_categorias`
  MODIFY `id` int(11) NOT NULL AUTO_INCREMENT,AUTO_INCREMENT=6;
--
-- AUTO_INCREMENT de la tabla `iva`
--
ALTER TABLE `iva`
  MODIFY `id` int(11) NOT NULL AUTO_INCREMENT,AUTO_INCREMENT=4;
--
-- AUTO_INCREMENT de la tabla `tipo_pago`
--
ALTER TABLE `tipo_pago`
  MODIFY `id` int(11) NOT NULL AUTO_INCREMENT,AUTO_INCREMENT=5;
--
-- AUTO_INCREMENT de la tabla `unidades`
--
ALTER TABLE `unidades`
  MODIFY `id` int(11) NOT NULL AUTO_INCREMENT,AUTO_INCREMENT=6;
--
-- AUTO_INCREMENT de la tabla `ventas`
--
ALTER TABLE `ventas`
  MODIFY `id` int(11) NOT NULL AUTO_INCREMENT,AUTO_INCREMENT=312;
--
-- AUTO_INCREMENT de la tabla `ventaxelemento`
--
ALTER TABLE `ventaxelemento`
  MODIFY `id` int(11) NOT NULL AUTO_INCREMENT,AUTO_INCREMENT=3643;
/*!40101 SET CHARACTER_SET_CLIENT=@OLD_CHARACTER_SET_CLIENT */;
/*!40101 SET CHARACTER_SET_RESULTS=@OLD_CHARACTER_SET_RESULTS */;
/*!40101 SET COLLATION_CONNECTION=@OLD_COLLATION_CONNECTION */;
